Code,Name,Volatility,TotalReturn,Sector,Volume,Amount,Marcap,Risk
459580,KODEX CD금리액티브(합성),0.01,0.79,채권,404373,428316,91618,1
360750,TIGER 미국S&P500,0.95,10.59,해외주식,4184377,89705,72044,2
357870,TIGER CD금리투자KIS(합성),0.01,0.79,채권,211801,11757,63296,1
069500,KODEX 200,1.17,-2.53,국내 시장지수,5712421,191801,58790,2
488770,KODEX 머니마켓액티브,0.01,0.91,기타,51272,5211,45692,1
133690,TIGER 미국나스닥100,1.17,13.19,해외주식,333556,45817,44996,2
423160,KODEX KOFR금리액티브(합성),0.01,0.79,채권,29996,3274,42337,1
379800,KODEX 미국S&P500TR,0.95,10.67,해외주식,3100630,60981,35302,2
449170,TIGER KOFR금리액티브(합성),0.01,0.79,채권,72656,7823,34955,1
381170,TIGER 미국테크TOP10 INDXX,1.28,20.53,해외주식,2568491,64886,32631,2
273130,KODEX 종합채권(AA-이상)액티브,0.23,2.41,채권,27276,3181,28232,1
381180,TIGER 미국필라델피아반도체나스닥,1.75,6.56,해외주식,1506017,30171,26626,3
122630,KODEX 레버리지,2.33,-7.24,국내파생,22877320,347729,25224,3
278530,KODEX 200TR,1.16,-2.39,국내 시장지수,260758,3070,23758,2
455890,RISE 머니마켓액티브,0.02,0.91,채권,195723,10475,22592,1
310970,TIGER MSCI Korea TR,1.24,-3.8,국내 시장지수,3760,53,21449,2
102110,TIGER 200,1.17,-2.47,국내 시장지수,1970157,66258,20050,2
458730,TIGER 미국배당다우존스,0.87,5.03,해외주식,1090773,13856,19744,2
233740,KODEX 코스닥150레버리지,3.8,-20.79,국내파생,30352172,226484,18219,3
481050,KODEX CD1년금리플러스액티브(합성),0.01,0.8,채권,8848,9047,18176,1
453850,ACE 미국30년국채액티브(H),0.8,-8.79,채권,3626603,27889,17806,1
379810,KODEX 미국나스닥100TR,1.18,13.3,해외주식,1591725,32815,17331,2
360200,ACE 미국S&P500,0.95,10.58,해외주식,789066,17097,16721,2
371460,TIGER 차이나전기차SOLACTIVE,2.13,-3.74,해외주식,1502069,13190,16667,3
214980,KODEX 단기채권PLUS,0.02,0.92,채권,14996,1697,16235,1
385540,RISE 종합채권(A-이상)액티브,0.2,2.38,채권,553,59,13502,1
453540,TIGER 25-10 회사채(A+이상)액티브,0.03,1.05,채권,136424,7393,13094,1
367380,ACE 미국나스닥100,1.18,13.23,해외주식,767825,18128,12916,2
229200,KODEX 코스닥150,1.99,-9.19,국내 시장지수,5344330,63931,12205,3
476550,TIGER 미국30년국채커버드콜액티브(H),0.75,-8.18,채권,2802440,23254,11378,1
252670,KODEX 200선물인버스2X,2.36,4.93,국내파생,148421981,350055,10935,3
494900,TIGER 25-12 금융채(AA-이상),0.02,0.84,채권,371,18,10764,1
475630,TIGER CD1년금리액티브(합성),0.01,0.8,기타,19093,19732,10679,1
148020,RISE 200,1.17,-2.49,국내 시장지수,494960,16715,10648,2
102780,KODEX 삼성그룹,1.4,-4.47,국내 업종/테마,2145983,18073,10512,2
305720,KODEX 2차전지산업,2.55,-28.67,국내 업종/테마,3503262,45439,10099,3
476810,KODEX 25-11 은행채(AA-이상)PLUS액티브,0.05,0.97,채권,4291,44,9647,1
491080,KODEX 25-12 은행채(AAA)액티브,0.02,0.97,채권,5378,545,9542,1
368590,RISE 미국나스닥100,1.19,13.24,해외주식,460551,10534,9356,2
305540,TIGER 2차전지테마,2.62,-27.3,국내 업종/테마,3892527,61744,9094,3
458760,TIGER 미국배당다우존스타겟커버드콜2호,0.77,6.13,해외주식,692670,7476,9040,1
278540,KODEX MSCI Korea TR,1.25,-3.79,국내 시장지수,4202,47,8897,2
477080,RISE CD금리액티브(합성),0.01,0.8,채권,2237,229,8375,1
436140,SOL 종합채권(AA-이상)액티브,0.21,2.35,채권,4,0,8332,1
379780,RISE 미국S&P500,0.95,10.61,해외주식,364888,6823,7777,2
446720,SOL 미국배당다우존스,0.87,5.12,해외주식,393898,4594,7750,2
157450,TIGER 단기통안채,0.01,0.74,채권,31232,3413,7543,1
356540,ACE 종합채권(AA-이상)KIS액티브,0.24,2.27,채권,3942,420,7431,1
315930,KODEX Top5PlusTR,1.39,-2.63,국내 업종/테마,15115,326,7381,2
294400,KOSEF 200TR,1.15,-2.63,국내 시장지수,71967,3082,7233,2
457480,ACE 테슬라밸류체인액티브,4.05,48.55,해외주식,2546885,44946,7129,3
453870,TIGER 인도니프티50,1.02,-0.54,해외주식,182262,2464,7062,2
153130,KODEX 단기채권,0.01,0.75,채권,6798,761,6914,1
451540,TIGER 종합채권(AA-이상)액티브,0.21,2.34,채권,1394,77,6548,1
329750,TIGER 미국달러단기채권액티브,0.45,8.97,채권,159639,2079,6543,1
411060,ACE KRX금현물,1.39,12.07,원자재,567975,10323,6374,2
458250,TIGER 미국30년국채스트립액티브(합성 H),1.37,-14.42,채권,269739,10361,6303,2
396500,TIGER Fn반도체TOP10,2.26,-1.12,국내 업종/테마,1431010,14770,6178,3
314250,KODEX 미국빅테크10(H),1.32,13.91,해외주식,72119,3413,6160,2
465580,ACE 미국빅테크TOP7 Plus,1.36,23.37,해외주식,574490,10787,6019,2
329200,TIGER 리츠부동산인프라,1.03,-7.35,국내 업종/테마,552177,2272,5871,2
152100,PLUS 200,1.18,-2.58,국내 시장지수,573507,19603,5872,2
402970,ACE 미국배당다우존스,0.88,5.17,해외주식,276569,3567,5844,2
486290,TIGER 미국나스닥100타겟데일리커버드콜,1.11,12.76,해외주식,1305899,13532,5813,2
139260,TIGER 200 IT,1.79,-7.57,국내 업종/테마,32456,917,5525,3
456610,TIGER 미국달러SOFR금리액티브(합성),0.44,8.96,채권,16790,992,5499,1
371160,TIGER 차이나항셍테크,1.78,-2.58,해외주식,722473,5026,5373,3
091160,KODEX 반도체,2.21,-0.3,국내 업종/테마,1004243,32505,5362,3
466920,SOL 조선TOP3플러스,2.68,33.35,국내 업종/테마,3253554,53027,5221,3
390390,KODEX 미국반도체MV,1.69,8.62,해외주식,211475,5380,5191,2
114800,KODEX 인버스,1.19,3.05,국내파생,23495836,107914,5095,2
469830,SOL 초단기채권액티브,0.01,0.94,채권,225916,11855,5090,1
272580,TIGER 단기채권액티브,0.02,0.86,채권,190197,10477,5079,1
439870,KODEX 국고채30년액티브,0.64,5.1,채권,7367,888,4942,1
292150,TIGER TOP10,1.4,-4.17,국내 업종/테마,64771,718,4887,2
091180,KODEX 자동차,1.4,-1.26,국내 업종/테마,153553,2823,4879,2
481060,KODEX 미국30년국채타겟커버드콜(합성 H),0.74,-8.03,채권,1080405,9753,4799,1
453810,KODEX 인도Nifty50,0.99,-1.0,해외주식,295454,4077,4697,2
479080,1Q 머니마켓액티브,0.01,0.89,채권,22131,1141,4664,1
114260,KODEX 국고채3년,0.11,1.59,채권,6486,401,4643,1
462010,TIGER 2차전지소재Fn,2.95,-32.55,국내 업종/테마,3413534,14438,4548,3
455030,KODEX 미국달러SOFR금리액티브(합성),0.43,9.22,채권,137382,1681,4546,1
161510,PLUS 고배당주,1.11,-2.31,국내 업종/테마,368809,5330,4490,2
474220,TIGER 미국테크TOP10타겟커버드콜,0.98,21.89,해외주식,465792,6883,4462,2
196230,RISE 단기통안채,0.01,0.75,채권,15416,1756,4252,1
293180,HANARO 200,1.16,-2.51,국내 시장지수,96926,3271,4206,2
226490,KODEX 코스피,1.11,-2.5,국내 시장지수,227399,5851,4159,2
251350,KODEX 선진국MSCI World,0.82,8.38,해외주식,29010,909,3902,1
446770,ACE 글로벌반도체TOP4 Plus SOLACTIVE,1.68,9.28,해외주식,174063,4738,3874,2
477050,PLUS 머니마켓액티브,0.01,0.92,채권,15231,784,3796,1
105190,ACE 200,1.17,-2.72,국내 시장지수,33972,1160,3777,2
441680,TIGER 미국나스닥100커버드콜(합성),0.75,13.67,기타,243427,2801,3756,1
148070,KOSEF 국고채10년,0.34,1.89,채권,26695,3045,3699,1
472870,RISE 미국30년국채엔화노출(합성 H),1.17,-8.26,채권,2542052,20766,3632,2
483280,KODEX 미국AI테크TOP10타겟커버드콜,1.21,20.74,해외주식,450545,5326,3626,2
491610,1Q CD금리액티브(합성),0.01,0.79,채권,1044,105,3613,1
449180,KODEX 미국S&P500(H),0.82,2.22,해외주식,544161,7498,3565,1
454780,히어로즈 종합채권(AA-이상)액티브,0.23,2.09,채권,5,0,3557,1
473290,KODEX 26-12 회사채(AA-이상)액티브,0.06,1.29,채권,13355,141,3551,1
385560,RISE KIS국고채30년Enhanced,0.85,6.34,채권,42243,3474,3517,2
447770,TIGER 테슬라채권혼합Fn,1.9,21.83,기타,502922,7156,3429,3
302190,TIGER 중장기국채,0.22,1.68,채권,3191,165,3409,1
448290,TIGER 미국S&P500TR(H),0.81,2.44,해외주식,311691,4447,3392,1
476450,히어로즈 머니마켓액티브,0.01,0.83,채권,175,9,3342,1
364980,TIGER 2차전지TOP10,2.57,-25.14,국내 업종/테마,26980235,236617,3295,3
471230,KODEX 국고채10년액티브,0.33,1.86,채권,2146,240,3252,1
449190,KODEX 미국나스닥100(H),1.09,4.58,해외주식,206132,3435,3211,2
091170,KODEX 은행,1.77,-4.44,국내 업종/테마,268773,2228,3198,3
456600,TIMEFOLIO 글로벌AI인공지능액티브,2.05,27.05,해외주식,314624,8542,3158,3
451000,PLUS 종합채권(AA-이상)액티브,0.25,2.4,채권,18,2,3137,1
484790,KODEX 미국30년국채액티브(H),0.82,-8.47,채권,1389100,12442,3117,1
439860,KODEX ESG종합채권(A-이상)액티브,0.16,1.63,채권,5,0,3009,1
069660,KOSEF 200,1.17,-2.44,국내 시장지수,43801,1465,2962,2
489250,KODEX 미국배당다우존스,0.87,5.11,해외주식,670859,7336,2959,2
394660,TIGER 글로벌자율주행&전기차SOLACTIVE,1.18,10.9,해외주식,38230,439,2944,2
304660,KODEX 미국30년국채울트라선물(H),0.84,-9.29,채권,136281,1004,2874,2
143860,TIGER 헬스케어,2.02,-4.0,국내 업종/테마,92654,3556,2757,3
467940,KODEX 25-11 회사채(A+이상)액티브,0.04,0.89,채권,1829,19,2737,1
475720,RISE 200위클리커버드콜,0.89,-5.6,국내파생,380897,3201,2651,2
455850,SOL AI반도체소부장,2.66,-3.3,국내 업종/테마,508220,5717,2637,3
449450,PLUS K방산,2.82,6.32,국내 업종/테마,428653,8797,2624,3
463290,1Q 단기금융채액티브,0.01,0.87,채권,8018,850,2595,1
480260,TIGER 27-04회사채(A+이상)액티브,0.07,1.67,채권,6965,363,2543,1
438330,TIGER 투자등급회사채액티브,0.12,2.08,채권,8790,1010,2535,1
487230,KODEX 미국AI전력핵심인프라,2.0,16.52,해외주식,884351,11968,2528,3
487340,ACE CD금리&초단기채권액티브,0.01,0.9,채권,24372,2485,2472,1
482730,TIGER 미국S&P500타겟데일리커버드콜,0.92,10.6,해외주식,369296,4147,2465,2
241180,TIGER 일본니케이225,1.08,3.75,해외주식,14909,327,2457,2
394670,TIGER 글로벌리튬&2차전지SOLACTIVE(합성),1.56,-3.32,해외주식,105564,687,2438,2
466940,TIGER 은행고배당플러스TOP10,1.69,-2.39,국내 업종/테마,1617089,22130,2406,2
426030,TIMEFOLIO 미국나스닥100액티브,2.17,28.46,해외주식,235614,6326,2395,3
365780,ACE 국고채10년,0.33,1.91,채권,7348,659,2393,1
251340,KODEX 코스닥150선물인버스,1.99,9.22,국내파생,37790289,148485,2380,3
452360,SOL 미국배당다우존스(H),0.74,-2.9,해외주식,165501,1848,2348,1
388420,RISE 비메모리반도체액티브,2.2,3.18,국내 업종/테마,109284,1133,2345,3
091230,TIGER 반도체,2.26,-0.57,국내 업종/테마,164609,5493,2310,3
245710,ACE 베트남VN30(합성),0.83,0.88,해외주식,36271,775,2300,1
475080,KODEX 테슬라커버드콜채권혼합액티브,0.69,8.3,기타,279702,2732,2296,1
488980,SOL 26-12 회사채(AA-이상)액티브,0.05,1.61,채권,19293,980,2293,1
423920,TIGER 미국필라델피아반도체레버리지(합성),3.5,9.73,해외주식,80359,2168,2292,3
438080,ACE 미국S&P500채권혼합액티브,0.5,9.51,기타,338088,4412,2287,1
200250,KOSEF 인도Nifty50(합성),0.99,-1.89,해외주식,22114,559,2267,2
479520,RISE KOFR금리액티브(합성),0.01,0.8,채권,1858,190,2247,1
448300,TIGER 미국나스닥100TR(H),1.08,4.76,해외주식,304831,5243,2206,2
466950,TIGER 글로벌AI액티브,1.91,20.84,해외주식,178211,3360,2189,3
361580,RISE 200TR,1.14,-2.52,국내 시장지수,26780,495,2148,2
290130,RISE ESG사회책임투자,1.41,-2.7,국내 업종/테마,6024,75,2119,2
494890,KODEX 200액티브,1.29,-2.37,국내 시장지수,8578,82,2112,2
488500,TIGER 미국S&P500동일가중,0.89,6.1,해외주식,76121,826,2104,2
367770,RISE 수소경제테마,1.47,-7.96,국내 업종/테마,23783,208,2057,2
497570,TIGER 미국필라델피아AI반도체나스닥,1.95,16.95,해외주식,900690,10263,2026,3
472160,TIGER 미국테크TOP10 INDXX(H),1.23,11.66,해외주식,257930,3942,1984,2
462330,KODEX 2차전지산업레버리지,5.09,-52.41,국내 업종/테마,8840025,12093,1972,3
395270,HANARO Fn K-반도체,2.09,0.4,국내 업종/테마,201829,2024,1963,3
495850,KODEX 코리아밸류업,1.19,-0.9,국내 시장지수,100990,979,1962,2
228790,TIGER 화장품,2.6,-8.88,국내 업종/테마,4940738,13401,1958,3
490490,SOL 미국배당미국채혼합50,0.58,3.77,기타,395834,4111,1915,1
473330,SOL 미국30년국채커버드콜(합성),0.69,0.79,채권,428431,4106,1907,1
329650,KODEX TRF3070,0.3,4.63,기타,81993,1110,1871,1
456880,ACE 미국달러SOFR금리(합성),0.42,9.25,기타,48144,576,1868,1
272560,RISE 단기국공채액티브,0.02,0.93,채권,78,8,1865,1
409820,KODEX 미국나스닥100레버리지(합성 H),2.13,8.28,해외주식,370775,4609,1835,3
132030,KODEX 골드선물(H),0.98,0.62,원자재,80359,1293,1788,2
273140,KODEX 단기변동금리부채권액티브,0.02,0.71,채권,161,18,1780,1
295040,SOL 200TR,1.19,-2.46,국내 시장지수,1047238,12872,1770,2
473460,KODEX 미국서학개미,2.28,38.31,해외주식,1222955,23510,1759,3
277630,TIGER 코스피,1.12,-2.71,국내 시장지수,104683,2738,1729,2
480020,ACE 미국빅테크7+데일리타겟커버드콜(합성),1.19,16.74,해외주식,505337,6288,1722,2
282000,RISE 국고채3년선물인버스,0.11,0.03,국내파생,2,0,1712,1
261260,KODEX 미국달러선물인버스2X,0.85,-14.57,기타,1349634,7016,1693,2
458210,히어로즈 CD금리액티브(합성),0.01,0.8,기타,131,13,1688,1
472170,TIGER 미국테크TOP10채권혼합,0.57,9.36,기타,208633,2686,1685,1
499660,TIGER CD금리플러스액티브(합성),0.01,0.18,기타,98442,98571,1681,1
476690,TIGER 글로벌비만치료제TOP2Plus,1.36,-11.29,해외주식,143402,1388,1677,2
483230,RISE 25-06 은행채(AA+이상)액티브,0.02,0.86,채권,63,3,1629,1
461490,RISE 글로벌자산배분액티브,0.42,6.56,기타,98066,1271,1601,1
481180,SOL 미국AI소프트웨어,1.64,15.28,해외주식,442933,5721,1605,2
143850,TIGER 미국S&P500선물(H),0.82,1.46,해외주식,7997,510,1582,1
192090,TIGER 차이나CSI300,1.65,-6.09,해외주식,98350,965,1573,2
190620,ACE 단기통안채,0.01,0.79,채권,6942,697,1559,1
464930,TIGER 글로벌혁신블루칩TOP10,1.12,9.13,해외주식,20811,332,1553,2
363570,KODEX 장기종합채권(AA-이상)액티브,0.36,3.35,채권,805,81,1545,1
435420,TIGER 미국나스닥100TR채권혼합Fn,0.4,5.44,기타,89121,1157,1529,1
434060,KODEX TDF2050액티브,0.62,6.27,기타,144896,2081,1525,1
451530,TIGER 국고채30년스트립액티브,0.98,7.02,채권,24910,1498,1512,2
458260,TIGER 미국투자등급회사채액티브(H),0.42,-3.84,채권,15146,725,1502,1
448600,RISE 25-11 회사채(AA-이상)액티브,0.02,0.96,채권,12165,639,1494,1
461270,ACE 26-06 회사채(AA-이상)액티브,0.06,1.35,채권,22275,243,1492,1
448540,ACE 엔비디아채권혼합블룸버그,0.93,5.22,기타,130204,2923,1484,2
479730,TIGER 인도빌리언컨슈머,1.1,-5.48,해외주식,42294,444,1483,2
305080,TIGER 미국채10년선물,0.45,4.4,채권,67894,853,1472,1
244580,KODEX 바이오,2.29,-7.63,국내 업종/테마,242041,2012,1466,3
422420,RISE 2차전지액티브,2.55,-26.65,국내 업종/테마,284497,1915,1465,3
414780,TIGER 차이나과창판STAR50(합성),3.09,3.58,해외주식,130041,999,1465,3
372330,KODEX 차이나항셍테크,1.69,-2.8,해외주식,90791,630,1419,2
481190,SOL 미국테크TOP10,1.29,21.17,해외주식,242005,3302,1402,2
364960,TIGER BBIG,1.53,-6.15,국내 업종/테마,46420,277,1402,2
182480,TIGER 미국MSCI리츠(합성 H),1.11,-5.15,기타,24032,302,1392,2
219480,KODEX 미국S&P500선물(H),0.83,1.62,해외주식,4688,125,1388,1
476800,KODEX 한국부동산리츠인프라,0.93,-5.96,기타,908623,4215,1356,2
483320,ACE 엔비디아밸류체인액티브,2.19,9.26,해외주식,1156788,11923,1341,3
364970,TIGER 바이오TOP10,2.36,-5.85,국내 업종/테마,562997,4234,1333,3
309230,ACE 미국WideMoat동일가중,0.85,5.9,해외주식,20070,554,1322,2
461500,HANARO 종합채권(AA-이상)액티브,0.26,2.27,채권,513,58,1310,1
441640,KODEX 미국배당커버드콜액티브,0.84,7.83,해외주식,271240,3239,1309,2
480030,ACE 미국500데일리타겟커버드콜(합성),0.86,10.11,해외주식,272019,3003,1304,2
433330,SOL 미국S&P500,0.97,10.53,해외주식,55345,990,1291,2
494300,KODEX 미국나스닥100데일리커버드콜OTM,1.11,7.12,해외주식,1192400,12522,1261,2
462900,KoAct 바이오헬스케어액티브,2.72,-9.49,국내 업종/테마,1030763,14016,1260,3
492500,1Q 현대차그룹채권(A+이상)&국고통안,0.07,1.32,기타,56,2,1249,1
455860,SOL 2차전지소부장Fn,2.74,-32.59,국내 업종/테마,699094,2841,1238,3
326240,RISE IT플러스,1.54,-6.2,국내 업종/테마,4256,64,1234,2
490090,TIGER 미국AI빅테크10,1.25,18.14,해외주식,237827,2881,1230,2
485540,KODEX 미국AI테크TOP10,1.29,19.9,해외주식,192635,2275,1214,2
438100,ACE 미국나스닥100채권혼합액티브,0.55,10.06,기타,228493,3109,1214,1
496080,TIGER 코리아밸류업,1.2,-0.96,국내 시장지수,72711,706,1211,2
491230,PLUS 국공채머니마켓액티브,0.01,0.97,채권,1996,101,1202,1
483290,KODEX 미국배당다우존스타겟커버드콜,0.78,6.55,해외주식,149388,1583,1191,1
493810,TIGER 미국AI빅테크10타겟데일리커버드콜,1.24,16.46,해외주식,556959,6344,1181,2
438570,SOL 국고채10년,0.33,1.81,채권,18,1,1179,1
475260,ACE 2월만기자동연장회사채AA-이상액티브,0.05,0.82,채권,471,4,1171,1
498270,KOSEF 미국양자컴퓨팅,3.82,-1.0,해외주식,2432153,24115,1169,3
461460,PLUS 국고채10년액티브,0.35,1.71,채권,1005,55,1163,1
418660,TIGER 미국나스닥100레버리지(합성),2.37,27.09,해외주식,147116,3900,1159,3
462540,SOL 25-09 회사채(AA-이상)액티브,0.02,0.93,채권,6135,328,1159,1
232080,TIGER 코스닥150,1.96,-9.62,국내 시장지수,221857,2716,1151,3
465350,RISE 2차전지TOP10인버스(합성),2.79,32.06,국내파생,864655,29546,1124,3
328370,PLUS 코스피TR,1.14,-2.34,국내 시장지수,387,5,1122,2
472920,HK 종합채권(AA-이상)액티브,0.2,2.15,채권,0,0,1116,1
168580,ACE 중국본토CSI300,1.52,-4.76,해외주식,1575,42,1103,2
412770,TIGER 글로벌메타버스액티브,1.0,13.82,해외주식,11942,140,1102,2
466400,1Q 25-08 회사채(A+이상)액티브,0.02,0.88,채권,408,43,1101,1
463050,TIMEFOLIO K바이오액티브,2.74,-7.29,국내 업종/테마,764141,9003,1100,3
304940,KODEX 미국나스닥100선물(H),1.09,4.05,해외주식,24657,607,1098,2
275980,TIGER 글로벌4차산업혁신기술(합성 H),1.01,-0.99,해외주식,3437,58,1087,2
270810,RISE 코스닥150,1.97,-9.62,국내 시장지수,41157,487,1087,3
245340,TIGER 미국다우존스30,0.97,8.43,해외주식,15276,463,1077,2
437080,KODEX 미국종합채권ESG액티브(H),0.29,-2.4,채권,3025,302,1072,1
495710,BNK 26-06 특수채(AAA이상)액티브,0.03,0.4,채권,359,18,1062,1
465780,마이티 26-09 특수채(AAA)액티브,0.05,1.43,채권,6564,686,1057,1
489870,히어로즈 25-09 회사채(AA-이상)액티브,0.02,0.96,채권,5001,252,1052,1
486450,SOL 미국AI전력인프라,2.4,25.09,해외주식,248703,3490,1052,3
471990,KODEX AI반도체핵심장비,3.01,-3.58,국내 업종/테마,471634,4576,1047,3
157490,TIGER 소프트웨어,1.57,2.62,국내 업종/테마,75597,594,1038,2
441800,TIMEFOLIO Korea플러스배당액티브,1.18,-2.11,국내 시장지수,78278,1013,1037,2
476750,ACE 미국30년국채엔화노출액티브(H),1.09,-8.51,채권,222917,1954,1035,2
445290,KODEX K-로봇액티브,1.99,6.19,국내 업종/테마,134090,1788,1030,3
451060,1Q K200액티브,1.2,-2.9,국내 시장지수,14636,156,1030,2
498180,파워 종합채권(AA-이상)액티브,0.3,0.83,채권,0,0,1023,1
130730,KOSEF 단기자금,0.01,0.85,채권,481,48,1022,1
401470,KODEX K-메타버스액티브,1.33,0.7,국내 업종/테마,30654,198,1013,2
487240,KODEX AI전력핵심설비,2.58,6.54,국내 업종/테마,899343,8769,1009,3
480310,TIGER 글로벌온디바이스AI,1.49,8.95,해외주식,62679,693,1006,2
283580,KODEX 차이나CSI300,1.65,-3.25,해외주식,56377,696,1007,2
401170,RISE 메타버스,1.52,1.41,국내 업종/테마,15651,90,998,2
419890,히어로즈 단기채권ESG액티브,0.03,1.22,채권,20094,2142,992,1
461260,ACE 25-06 회사채(AA-이상)액티브,0.06,0.75,채권,4991,53,987,1
302450,RISE 코스피,1.17,-2.75,국내 시장지수,1616,42,981,2
429000,TIGER 미국S&P500배당귀족,0.87,1.6,해외주식,85176,1046,978,2
228800,TIGER 여행레저,1.48,-4.32,국내 업종/테마,155910,465,972,2
385550,RISE 단기종합채권(AA-이상)액티브,0.02,0.92,채권,15604,1731,969,1
465610,ACE 미국빅테크TOP7 Plus레버리지(합성),2.73,48.6,해외주식,83018,2566,965,3
481430,RISE 국고채10년액티브,0.35,1.76,채권,114,12,940,1
464240,히어로즈 26-09 회사채(AA-이상)액티브,0.05,1.37,채권,893,46,937,1
204480,TIGER 차이나CSI300레버리지(합성),3.12,-6.9,해외주식,54326,958,928,3
473440,ACE 11월만기자동연장회사채AA-이상액티브,0.04,0.91,채권,2637,27,926,1
292560,TIGER 일본엔선물,0.49,1.22,기타,102509,894,923,1
461950,KODEX 2차전지핵심소재10,2.93,-33.23,국내 업종/테마,680155,2939,920,3
480040,ACE 미국반도체데일리타겟커버드콜(합성),1.38,4.89,해외주식,60678,650,915,2
400970,TIGER Fn메타버스,1.52,1.47,국내 업종/테마,21288,139,903,2
139230,TIGER 200 중공업,2.3,17.43,국내 업종/테마,262227,1535,886,3
491220,PLUS 200TR,1.15,-2.29,국내 시장지수,199,7,877,2
114820,TIGER 국채3년,0.1,1.61,채권,1947,209,873,1
472150,TIGER 배당커버드콜액티브,1.04,-1.15,국내 업종/테마,43463,432,870,2
284430,KODEX 200미국채혼합,0.48,1.53,채권,59283,764,870,1
136340,RISE 중기우량회사채,0.07,1.44,채권,3954,421,865,1
486830,HANARO 머니마켓액티브,0.01,0.88,채권,1689,85,861,1
144600,KODEX 은선물(H),1.97,-1.26,원자재,115575,630,853,3
449770,KOSEF 미국S&P500,0.94,10.72,해외주식,1492,25,847,2
325010,KODEX 성장주,1.42,-3.4,국내 업종/테마,260,3,845,2
494670,TIGER 조선TOP10,3.13,33.35,국내 업종/테마,837454,11139,844,3
213610,KODEX 삼성그룹밸류,1.44,-4.42,국내 업종/테마,28646,230,827,2
453010,PLUS KOFR금리,0.01,0.77,기타,1574,167,811,1
267770,TIGER 200선물레버리지,2.34,-7.25,국내파생,129954,1510,796,3
464540,RISE 25-03 회사채(AA-이상)액티브,0.02,0.84,채권,246,12,795,1
266420,KODEX 헬스케어,2.06,-3.72,국내 업종/테마,49803,862,791,3
475280,ACE 8월만기자동연장회사채AA-이상액티브,0.04,0.92,채권,567,5,792,1
228810,TIGER 미디어컨텐츠,2.35,10.17,국내 업종/테마,101771,509,790,3
489030,PLUS 고배당주위클리커버드콜,1.08,-5.06,국내 업종/테마,151548,1414,788,2
476070,KODEX 글로벌비만치료제TOP2 Plus,1.44,-12.8,해외주식,34896,363,782,2
452250,ACE 미국30년국채선물레버리지(합성 H),1.6,-18.75,채권,377491,2038,777,2
150460,TIGER 중국소비테마,1.66,-7.67,국내 업종/테마,13883,81,773,2
478150,TIMEFOLIO 글로벌우주테크&방산액티브,1.65,14.78,해외주식,96425,1314,766,2
325020,KODEX 배당가치,1.11,-3.43,국내 업종/테마,5948,78,762,2
476760,ACE 미국30년국채액티브,0.85,-1.63,채권,167175,1651,762,2
278240,RISE 코스닥150선물레버리지,3.92,-20.58,국내파생,28063,236,745,3
494310,KODEX 반도체레버리지,4.53,-5.01,국내 업종/테마,727787,6818,740,3
448330,KODEX 삼성전자채권혼합,0.69,0.44,국내 시장지수,128703,1365,735,1
468820,WON 25-09 회사채(AA-이상)액티브,0.02,0.98,채권,22,1,730,1
295020,RISE 국채선물10년인버스,0.47,0.11,채권,5,0,730,1
412570,TIGER 2차전지TOP10레버리지,4.6,-47.59,국내 업종/테마,2591909,3860,726,3
471760,TIGER AI반도체핵심공정,2.9,-0.92,국내 업종/테마,1026551,9682,714,3
458750,TIGER 미국배당다우존스타겟커버드콜1호,0.83,5.36,해외주식,37631,445,711,1
332930,HANARO 200TR,1.17,-2.46,국내 시장지수,1271,54,710,2
225040,TIGER 미국S&P500레버리지(합성 H),1.6,3.23,해외주식,11916,548,701,2
174360,RISE 중국본토대형주CSI100,1.44,-2.75,해외주식,10562,189,693,2
310960,TIGER 200TR,1.18,-2.56,국내 시장지수,13633,261,691,2
497880,SOL CD금리&머니마켓액티브,0.02,0.38,채권,67703,3389,690,1
252710,TIGER 200선물인버스2X,2.38,4.87,국내파생,3834033,9539,684,3
139280,TIGER 경기방어,1.33,-2.43,국내 업종/테마,4030,40,672,2
414270,ACE 글로벌자율주행액티브,1.8,21.78,해외주식,309374,3643,665,3
399110,SOL 미국S&P500ESG,0.95,9.69,해외주식,19087,321,659,2
463300,RISE 중국본토CSI300,1.71,-5.66,해외주식,4353,45,662,3
261240,KODEX 미국달러선물,0.46,8.95,기타,45548,650,645,1
464310,TIGER 글로벌AI&로보틱스 INDXX,1.26,11.52,해외주식,81947,1112,645,2
261220,KODEX WTI원유선물(H),1.54,3.52,원자재,103607,1611,639,2
236350,TIGER 인도니프티50레버리지(합성),1.93,-2.43,해외주식,5283,226,635,3
195980,PLUS 신흥국MSCI(합성 H),0.95,-7.01,해외주식,15004,144,635,2
269540,PLUS 미국S&P500(H),0.82,2.75,해외주식,13189,317,626,1
437070,KODEX 아시아달러채권ESG플러스액티브,0.47,6.11,채권,18,1,626,1
138540,TIGER 현대차그룹+펀더멘털,1.35,-1.95,국내 업종/테마,19394,523,617,2
489570,HANARO 25-12 은행채(AA+이상)액티브,0.07,0.85,채권,1262,12,611,1
411420,KODEX 미국메타버스나스닥액티브,1.81,24.53,해외주식,19163,294,609,3
395290,HANARO Fn K-POP&미디어,2.11,15.75,국내 업종/테마,93228,641,605,3
308620,KODEX 미국10년국채선물,0.45,3.81,채권,41852,495,604,1
319640,TIGER 골드선물(H),0.99,0.67,해외주식,51514,883,601,2
483340,ACE 구글밸류체인액티브,1.75,17.97,해외주식,251232,2877,596,3
453330,RISE 미국S&P500(H),0.83,2.26,해외주식,36254,525,594,1
233160,TIGER 코스닥150 레버리지,3.71,-20.81,국내파생,210544,1757,593,3
266160,RISE 고배당,1.15,-2.3,국내 업종/테마,15767,207,587,2
329660,KODEX TRF5050,0.53,4.59,기타,26064,418,578,1
469150,ACE AI반도체포커스,2.47,1.72,국내 업종/테마,361617,5097,572,3
423170,SOL 한국형글로벌반도체액티브,1.78,5.61,해외주식,37419,729,565,3
203780,TIGER 미국나스닥바이오,1.27,1.68,해외주식,12952,303,561,2
469070,RISE AI&로봇,3.09,14.97,국내 업종/테마,374533,3321,558,3
455960,RISE 미국달러SOFR금리액티브(합성),0.48,8.9,채권,1679,19,555,1
487910,ACE 인도컨슈머파워액티브,1.36,-0.28,해외주식,11932,128,554,2
483330,ACE 마이크로소프트밸류체인액티브,1.69,11.18,해외주식,237683,2812,545,2
440640,ACE 단기채권알파액티브,0.02,0.92,채권,2142,233,544,1
204450,KODEX 차이나H레버리지(H),2.98,-18.38,해외주식,493176,939,542,3
278620,PLUS 단기채권액티브,0.02,1.07,채권,389,45,540,1
454320,HANARO CAPEX설비투자iSelect,1.82,-0.25,국내 업종/테마,5256,74,524,3
447620,SOL 미국TOP5채권혼합40 Solactive,0.6,8.31,기타,33354,456,520,1
442320,RISE 글로벌원자력,2.06,8.76,해외주식,147953,2993,516,3
261270,KODEX 미국달러선물인버스,0.43,-7.27,기타,48337,376,515,1
395170,KODEX Top10동일가중,1.29,-6.95,국내 업종/테마,1491,11,513,2
272910,ACE 중장기국공채액티브,0.12,1.91,채권,372,39,508,1
464920,PLUS 일본반도체소부장,1.71,2.99,해외주식,200068,2711,503,3
473590,ACE 미국주식베스트셀러,1.97,19.36,해외주식,290596,5101,493,3
465660,TIGER 일본반도체FACTSET,2.0,2.95,해외주식,31864,393,491,3
484890,SOL 머니마켓액티브,0.01,0.87,채권,1660,84,491,1
461600,SOL 미국30년국채액티브(H),0.83,-8.73,채권,23775,206,490,1
329670,KODEX TRF7030,0.76,6.18,기타,26801,500,486,1
490600,RISE 미국배당100데일리고정커버드콜,0.74,3.44,해외주식,62630,633,487,1
407830,에셋플러스 글로벌플랫폼액티브,1.63,36.08,해외주식,10486,141,485,2
403790,마이다스 코스피액티브,1.11,-1.01,국내 시장지수,144,2,482,2
484880,SOL 금융지주플러스고배당,1.73,-3.94,국내 업종/테마,69445,751,482,3
251600,PLUS 고배당주채권혼합,0.48,0.28,기타,30503,375,480,1
441540,HANARO Fn조선해운,2.34,28.02,국내 업종/테마,70855,1171,477,3
123320,TIGER 레버리지,2.28,-7.28,국내파생,90913,1358,468,3
315960,RISE 대형고배당10TR,1.36,-3.78,국내 업종/테마,7827,146,467,2
322400,HANARO e커머스,1.56,1.18,국내 업종/테마,508,4,467,2
114100,RISE 국고채3년,0.11,1.61,채권,70,7,462,1
498400,KODEX 200타겟위클리커버드콜,1.15,1.22,국내 업종/테마,912899,9067,458,2
496090,KOSEF 코리아밸류업,1.23,-0.71,국내 시장지수,15883,155,454,2
495050,RISE 코리아밸류업,1.18,-0.86,국내 시장지수,2515,24,454,2
475270,ACE 5월만기자동연장회사채AA-이상액티브,0.04,0.83,채권,1606,16,454,1
453080,KOSEF 미국나스닥100(H),1.1,4.93,해외주식,13259,229,451,2
475350,RISE 버크셔포트폴리오TOP10,0.94,10.7,해외주식,33050,428,448,2
477730,KODEX 인도타타그룹,1.12,-5.18,해외주식,34198,352,446,2
245360,TIGER 차이나HSCEI,1.51,-1.11,해외주식,18527,200,446,2
385720,TIMEFOLIO 코스피액티브,1.11,-3.92,국내 시장지수,251069,2278,445,2
280930,KODEX 미국러셀2000(H),1.39,1.69,해외주식,19341,261,439,2
152380,KODEX 국채선물10년,0.35,1.64,채권,930,64,438,1
456680,TIGER 차이나전기차레버리지(합성),4.02,-10.33,해외주식,83215,443,427,3
491010,TIGER 글로벌AI인프라액티브,1.88,18.17,해외주식,68448,960,426,3
426150,WON 대한민국국고채액티브,0.3,3.05,채권,284,16,424,1
099140,KODEX 차이나H,1.45,-0.9,해외주식,14497,278,423,2
448490,HANARO 32-10 국고채액티브,0.33,2.61,채권,505,28,423,1
460960,ACE 글로벌인컴TOP10 SOLACTIVE,0.56,7.82,기타,52424,601,420,1
122260,KOSEF 통안채1년,0.02,0.94,채권,1184,121,412,1
434730,HANARO 원자력iSelect,1.93,4.35,국내 업종/테마,60873,1090,412,3
400570,KODEX 유럽탄소배출권선물ICE(H),1.79,12.99,해외주식,15432,163,408,3
152870,파워 200,1.16,-2.23,국내 시장지수,52,1,408,2
261250,KODEX 미국달러선물레버리지,0.88,17.43,기타,34142,570,407,2
227540,TIGER 200 헬스케어,2.09,-5.84,국내 업종/테마,48255,1004,406,3
108450,ACE 삼성그룹섹터가중,1.39,-4.42,국내 업종/테마,18981,264,404,2
336160,RISE 금융채액티브,0.09,1.66,채권,790,81,404,1
458030,WON 단기국공채액티브,0.02,0.92,채권,323,17,403,1
385510,KODEX K-신재생에너지액티브,1.88,-9.23,국내 업종/테마,4315,71,397,3
473490,KOSEF 글로벌AI반도체,1.66,6.6,해외주식,9859,161,395,2
464470,PLUS 미국채30년액티브,0.88,-0.94,채권,15799,816,390,2
475380,RISE 글로벌리얼티인컴,0.8,-0.94,기타,20337,208,389,1
276970,KODEX 미국S&P500배당귀족커버드콜(합성 H),0.54,-4.7,해외주식,14676,120,386,1
466930,SOL 자동차TOP3플러스,1.47,-0.7,국내 업종/테마,37954,404,385,2
266360,KODEX 미디어&엔터테인먼트,1.57,4.55,국내 업종/테마,49945,564,382,2
138230,KOSEF 미국달러선물,0.44,8.7,기타,3061,49,377,1
363580,KODEX 200IT TR,1.79,-7.3,국내 업종/테마,3186,34,376,3
248270,TIGER S&P글로벌헬스케어(합성),0.86,-4.8,해외주식,2375,54,375,2
332500,ACE 200TR,1.21,-2.82,국내 시장지수,1737,38,375,2
337160,KODEX 200ESG,1.18,-2.61,국내 업종/테마,199,2,367,2
426020,TIMEFOLIO 미국S&P500액티브,1.44,18.19,해외주식,35800,788,366,2
471040,KoAct 글로벌AI&로봇액티브,1.98,18.88,해외주식,67038,1081,364,3
453820,KODEX 인도Nifty50레버리지(합성),1.93,-3.8,해외주식,7374,127,362,3
365000,TIGER 인터넷TOP10,1.67,10.67,국내 업종/테마,132936,485,361,2
371450,TIGER 글로벌클라우드컴퓨팅INDXX,1.47,27.75,해외주식,36350,460,361,2
123310,TIGER 인버스,1.19,3.03,국내파생,237124,1216,357,2
237350,KODEX 코스피100,1.21,-2.38,국내 시장지수,25508,667,355,2
352560,KODEX 미국부동산리츠(H),1.17,-7.32,기타,53483,621,354,2
498410,KODEX 금융고배당TOP10타겟위클리커버드콜,1.18,-2.64,국내 업종/테마,293505,2872,352,2
476030,SOL 미국나스닥100,1.18,13.19,해외주식,39163,510,352,2
429760,PLUS 미국S&P500,0.96,10.02,해외주식,7219,115,351,2
117700,KODEX 건설,1.57,-7.47,국내 업종/테마,94983,271,351,2
465330,RISE 2차전지TOP10,2.74,-27.2,국내 업종/테마,386370,3458,348,3
468380,KODEX iShares미국하이일드액티브,0.6,8.4,채권,47722,554,348,1
279530,KODEX 고배당,0.77,-0.59,국내 업종/테마,25462,257,344,1
469170,ACE 포스코그룹포커스,2.56,-30.23,국내 업종/테마,5825946,26147,341,3
195930,TIGER 유로스탁스50(합성 H),0.96,1.34,해외주식,6017,106,339,2
368190,HANARO Fn K-뉴딜디지털플러스,1.57,-9.55,국내 업종/테마,1013,7,338,2
332620,PLUS 미국장기우량회사채,0.74,0.37,채권,2413,227,337,1
298770,KODEX 한국대만IT프리미어,1.14,8.06,해외주식,16462,423,334,2
421320,PLUS 우주항공&UAM,2.42,2.43,국내 업종/테마,32057,444,334,3
493420,SOL 미국배당다우존스TR,0.93,5.08,해외주식,144971,1538,330,2
487920,ACE 인도시장대표BIG5그룹액티브,1.07,-8.45,해외주식,13558,125,329,2
332940,HANARO MSCI Korea TR,1.31,-3.87,국내 시장지수,320,4,325,2
491090,KODEX 미국테크1조달러기업포커스,1.29,14.52,해외주식,22005,285,324,2
444490,WON 미국S&P500,0.94,10.24,해외주식,25533,413,324,2
388280,RISE 컨택트대표,1.34,0.94,국내 업종/테마,299,1,324,2
434960,DAISHIN343 K200,1.14,-2.11,국내 시장지수,512,17,324,2
304780,HANARO 200선물레버리지,2.38,-7.14,국내파생,2329,39,323,3
102970,KODEX 증권,1.47,-1.87,국내 업종/테마,23608,179,323,2
395160,KODEX 시스템반도체,2.15,-2.25,국내 업종/테마,170532,1491,312,3
495550,SOL 코리아밸류업TR,1.2,-0.71,국내 시장지수,2803,27,312,2
287180,PLUS 미국나스닥테크,1.48,5.71,해외주식,2658,95,307,2
440340,TIGER 글로벌멀티에셋TIF액티브,0.67,6.47,기타,6219,71,306,1
479620,SOL 미국AI반도체칩메이커,1.72,3.63,해외주식,15293,172,304,3
371470,TIGER 차이나바이오테크SOLACTIVE,1.82,-12.17,해외주식,28028,149,303,3
445150,KODEX K-친환경조선해운액티브,2.1,26.29,국내 업종/테마,68239,1079,303,3
167860,KOSEF 국고채10년레버리지,0.72,2.57,채권,62,6,302,1
300640,RISE 게임테마,1.7,-3.99,국내 업종/테마,9853,82,298,3
272570,RISE 중장기국공채액티브,0.14,2.02,채권,4,0,298,1
332610,PLUS 미국단기회사채(AAA~A),1.08,8.13,채권,1172,152,295,2
359210,KODEX 코스피TR,1.12,-2.5,국내 시장지수,6360,79,291,2
160580,TIGER 구리실물,0.92,0.66,원자재,20759,237,289,2
453650,KODEX 미국S&P500금융,1.23,14.49,해외주식,49671,865,289,2
472830,RISE 미국30년국채커버드콜(합성),0.74,1.25,채권,57511,538,286,1
495230,KoAct 코리아밸류업액티브,1.17,0.46,국내 시장지수,5216,51,284,2
271060,KODEX 3대농산물선물(H),0.85,-2.9,원자재,11020,93,282,2
475050,ACE KPOP포커스,2.28,20.03,국내 업종/테마,100668,822,281,3
367760,RISE 5G테크,1.85,-1.73,국내 업종/테마,1834,18,281,3
394350,KOSEF 글로벌퓨처모빌리티,1.73,8.9,해외주식,3520,42,280,3
476850,KoAct 배당성장액티브,1.06,-4.82,국내 시장지수,3296,30,278,2
495040,PLUS 코리아밸류업,1.25,-0.76,국내 시장지수,2030,19,278,2
469160,ACE 일본반도체,1.41,-0.17,해외주식,664,7,276,2
469050,RISE 미국반도체NYSE(H),1.68,-3.69,해외주식,2050,29,273,2
471460,히어로즈 국고채30년액티브,0.65,5.14,채권,5839,376,272,1
271050,KODEX WTI원유선물인버스(H),1.53,-4.77,원자재,715069,2863,268,2
211560,TIGER 배당성장,1.07,-1.44,국내 업종/테마,1567,30,265,2
495940,RISE 미국AI테크액티브,1.96,9.72,해외주식,22341,244,263,3
256750,KODEX 차이나심천ChiNext(합성),2.72,-7.07,해외주식,18469,165,261,3
448570,FOCUS AI코리아액티브,1.17,-3.92,국내 시장지수,193,2,261,2
461340,HANARO 글로벌생성형AI액티브,1.82,28.92,해외주식,33125,686,260,3
218420,KODEX 미국S&P500에너지(합성),1.25,3.59,해외주식,18209,271,259,2
387270,TIGER 글로벌이노베이션액티브,1.24,12.16,해외주식,3128,53,257,2
276650,RISE 글로벌테크놀로지(합성 H),1.22,2.12,해외주식,537,17,254,2
360140,KODEX 200롱코스닥150숏선물,1.26,6.03,국내 업종/테마,7592,68,254,2
169950,KODEX 차이나A50,1.5,-4.72,해외주식,2137,44,253,2
200030,KODEX 미국S&P500산업재(합성),1.2,5.11,해외주식,7042,236,252,2
256440,ACE 인도네시아MSCI(합성),0.97,-7.27,해외주식,13744,133,252,2
101280,KODEX 일본TOPIX100,0.98,4.71,해외주식,8451,187,249,2
326230,RISE 내수주플러스,1.1,-1.47,국내 업종/테마,9300,78,249,2
438320,TIGER 차이나항셍테크레버리지(합성 H),3.43,-22.01,해외주식,65069,403,250,3
289480,TIGER 200커버드콜,0.78,-1.19,국내파생,27122,222,246,1
138520,TIGER 삼성그룹펀더멘털,1.43,-4.48,국내 업종/테마,5538,60,246,2
409810,KODEX 미국나스닥100선물인버스(H),1.08,-3.41,해외주식,84070,644,245,2
485690,RISE 미국AI밸류체인TOP3Plus,1.66,14.84,해외주식,119546,1460,245,2
453950,TIGER TSMC파운드리밸류체인,1.84,3.56,해외주식,11806,192,236,3
453640,KODEX 미국S&P500헬스케어,0.97,-2.32,해외주식,18011,222,235,2
237370,KODEX 배당성장채권혼합,0.33,0.48,기타,7977,104,235,1
433980,KODEX TDF2040액티브,0.51,5.62,기타,22084,304,235,1
440910,WON 미국우주항공방산,1.63,13.49,해외주식,18302,305,234,2
494410,PLUS 미국S&P500성장주,1.19,10.53,해외주식,24497,271,234,2
495330,1Q 코리아밸류업,1.18,-1.16,국내 시장지수,704,6,233,2
494840,TIGER 미국방산TOP10,1.36,-3.43,해외주식,30263,285,231,2
419430,KODEX 차이나2차전지MSCI(합성),2.41,-7.55,해외주식,28025,167,230,3
261070,TIGER 코스닥150바이오테크,2.82,-2.94,국내 업종/테마,28829,382,230,3
496120,ACE 코리아밸류업,1.2,-0.85,국내 시장지수,3089,30,229,2
238720,ACE 일본Nikkei225(H),1.03,3.01,해외주식,1319,37,227,2
433970,KODEX TDF2030액티브,0.41,4.8,기타,11280,146,227,1
450910,SOL 코스닥150,2.03,-10.88,국내 시장지수,2173,25,225,3
438560,SOL 국고채3년,0.15,1.64,채권,4228,430,225,1
474590,WON 반도체밸류체인액티브,2.13,-1.21,국내 업종/테마,6230,54,225,3
451600,PLUS 국고채30년액티브,0.66,4.87,채권,53,6,223,1
463250,TIGER 우주방산,2.93,7.87,국내 업종/테마,96100,1179,222,3
496020,WON 전단채플러스액티브,0.03,0.75,채권,206,10,222,1
276990,KODEX 글로벌로봇(합성),1.01,11.15,해외주식,9038,176,222,2
139660,KOSEF 미국달러선물인버스,0.43,-7.31,기타,1565,12,222,1
375770,KODEX 탄소효율그린뉴딜,1.18,-3.22,국내 업종/테마,280,2,219,2
495750,HANARO 코리아밸류업,1.08,-1.22,국내 시장지수,86,0,218,2
354500,ACE 코스닥150,2.02,-9.26,국내 시장지수,7722,92,218,3
497780,KoAct 미국천연가스인프라액티브,1.35,3.27,해외주식,365945,3697,217,2
463680,KODEX 미국S&P500테크놀로지,1.38,10.02,해외주식,32333,484,217,2
483240,TIGER 미국나스닥100ETF선물,1.14,7.27,해외주식,1528,16,215,2
488080,TIGER 반도체TOP10레버리지,4.47,-6.85,국내파생,890774,4882,215,3
196030,ACE 일본TOPIX레버리지(H),1.57,3.89,해외주식,36,1,213,2
354350,HANARO 글로벌럭셔리S&P(합성),1.02,7.68,해외주식,3314,65,213,2
243880,TIGER 200IT레버리지,3.49,-16.67,국내 업종/테마,27116,726,212,3
140700,KODEX 보험,1.76,-3.44,국내 업종/테마,10446,99,210,3
277540,ACE 아시아TOP50S&P,1.13,1.84,해외주식,576,9,207,2
437350,RISE 미국단기투자등급회사채액티브,0.43,7.79,채권,69702,847,207,1
363510,SOL KIS단기통안채,0.01,0.73,채권,2,0,205,1
457690,KODEX 33-06 국고채액티브,0.31,1.86,채권,11476,125,205,1
139220,TIGER 200 건설,1.57,-9.63,국내 업종/테마,40721,108,205,2
210780,TIGER 코스피고배당,0.92,-0.24,국내 업종/테마,6834,101,205,2
300950,KODEX 게임산업,1.85,-5.35,국내 업종/테마,32018,217,204,3
396520,TIGER 차이나반도체FACTSET,3.03,-5.15,해외주식,32039,211,204,3
411050,ACE 글로벌메타버스테크액티브,1.58,14.71,해외주식,597,8,204,2
250730,RISE 차이나HSCEI(H),1.39,-8.09,해외주식,2576,21,202,2
252420,RISE 200선물인버스2X,2.34,5.15,국내파생,92952,220,200,3
117460,KODEX 에너지화학,2.1,-18.7,국내 업종/테마,14028,143,194,3
352540,KODEX 일본부동산리츠(H),0.44,-1.3,기타,12505,134,193,1
225800,KOSEF 미국달러선물레버리지,0.84,17.31,기타,239,3,193,2
457700,KODEX 53-09 국고채액티브,0.63,4.77,채권,5121,62,192,1
442260,마이티 다이나믹퀀트액티브,1.21,-2.85,국내 시장지수,565,6,191,2
459560,KODEX 테슬라밸류체인FactSet,2.05,17.34,해외주식,10923,173,191,3
418670,TIGER 글로벌사이버보안INDXX,1.61,10.4,해외주식,12896,184,189,2
377990,TIGER Fn신재생에너지,1.97,-4.68,국내 업종/테마,9581,78,187,3
114460,ACE 국고채3년,0.1,1.6,채권,1444,149,187,1
491830,TIGER 미국AI반도체팹리스,1.98,10.71,해외주식,21726,260,186,3
494180,TIMEFOLIO 글로벌소비트렌드액티브,1.47,12.88,해외주식,164615,1854,186,2
130680,TIGER 원유선물Enhanced(H),1.4,3.07,원자재,55873,251,186,2
486240,DAISHIN343 AI반도체&인프라액티브,1.79,5.4,국내 업종/테마,26043,215,185,3
341850,TIGER 리츠부동산인프라채권TR KIS,0.72,-3.72,기타,3720,17,183,1
490480,SOL K방산,2.78,11.56,국내 업종/테마,157970,1860,183,3
385590,ACE ESG액티브,1.16,-3.25,국내 업종/테마,16,0,182,2
364990,TIGER 게임TOP10,2.02,-5.24,국내 업종/테마,73019,389,182,3
494330,ACE 라이프자산주주가치액티브,1.14,-2.53,국내 업종/테마,155,1,180,2
442570,RISE TDF2050액티브,0.66,3.93,기타,11361,150,180,1
354240,RISE 미국고정배당우선증권 TR,0.96,3.45,기타,15215,182,180,2
494340,ACE 글로벌AI맞춤형반도체,2.56,22.58,해외주식,72378,889,179,3
444200,SOL KEDI메가테크액티브,1.51,-1.69,국내 업종/테마,4567,67,178,2
185680,KODEX 미국S&P바이오(합성),1.64,3.84,해외주식,7378,214,177,2
266370,KODEX IT,1.77,-8.01,국내 업종/테마,3529,56,177,3
481340,RISE 미국30년국채액티브,1.05,-3.86,채권,36716,359,176,2
417630,TIGER KEDI혁신기업ESG30,1.22,-4.1,국내 업종/테마,29143,282,175,2
447660,PLUS 애플채권혼합,0.51,6.11,기타,10874,138,172,1
395150,KODEX 웹툰&드라마,2.15,-0.51,국내 업종/테마,11629,34,172,3
261120,TIGER 미국달러선물인버스2X,0.86,-14.4,기타,10068,52,172,2
387280,TIGER 퓨처모빌리티액티브,1.64,-12.41,국내 업종/테마,4323,31,172,2
483420,ACE 애플밸류체인액티브,1.36,8.6,해외주식,10311,113,171,2
396510,TIGER 차이나클린에너지SOLACTIVE,1.72,-7.57,해외주식,4654,27,170,3
252400,RISE 200선물레버리지,2.34,-7.04,국내파생,21818,306,169,3
447430,ACE 주주환원가치주액티브,0.89,2.81,국내 업종/테마,9175,117,167,2
114470,KOSEF 국고채3년,0.11,1.55,채권,51,5,166,1
139250,TIGER 200 에너지화학,1.97,-15.69,국내 업종/테마,294708,2857,164,3
445690,BNK 주주가치액티브,1.15,1.8,국내 업종/테마,418,5,163,2
213630,PLUS 미국다우존스고배당주(합성 H),0.86,-2.13,해외주식,3825,65,162,2
468630,KODEX iShares미국투자등급회사채액티브,0.53,3.81,채권,16267,185,161,1
381560,HANARO Fn전기&수소차,1.8,-14.26,국내 업종/테마,1910,13,161,3
415340,KODEX 차이나과창판STAR50(합성),2.92,4.32,해외주식,10319,80,160,3
385520,KODEX K-미래차액티브,1.41,-8.02,국내 업종/테마,3226,25,160,2
292190,KODEX KRX300,1.23,-3.48,국내 시장지수,9014,142,159,2
467620,히어로즈 25-09 미국채권(AA-이상)액티브,0.43,8.11,채권,11976,676,158,1
265690,ACE 러시아MSCI(합성),0.0,0.0,해외주식,0,0,158,1
448630,RISE 삼성그룹Top3채권혼합,0.58,-1.84,기타,17327,170,158,1
280320,ACE 미국IT인터넷S&P(합성 H),1.28,14.27,해외주식,423,8,157,2
438900,HANARO Fn K-푸드,1.38,2.31,국내 업종/테마,48982,512,156,2
489290,WON 미국빌리어네어,1.33,23.14,해외주식,22286,289,156,2
269420,KODEX S&P글로벌인프라(합성),0.91,6.45,해외주식,2448,44,156,2
137610,TIGER 농산물선물Enhanced(H),0.8,-4.89,원자재,10665,58,155,1
211900,KODEX 배당성장,1.01,-1.38,국내 업종/테마,819,12,154,2
488720,WON 종합채권(AA-이상)액티브,0.22,2.37,기타,1,0,154,1
459750,RISE 글로벌주식분산액티브,0.78,6.26,해외주식,7978,110,152,1
461910,PLUS 미국테크TOP10레버리지(합성),2.74,41.17,해외주식,17027,516,152,3
292770,KODEX 국채선물3년인버스,0.09,0.05,채권,0,0,151,1
449780,KOSEF 미국S&P500(H),0.83,2.83,해외주식,2840,42,151,1
483570,KCGI 미국S&P500 TOP10,1.35,16.28,해외주식,96330,1200,150,2
491510,파워 K-주주가치액티브,1.25,0.25,국내 업종/테마,98,0,150,2
391600,ACE 미국친환경그린테마INDXX,1.34,6.91,해외주식,3882,37,149,2
195970,PLUS 선진국MSCI(합성 H),1.02,-5.72,해외주식,4744,56,148,2
253290,RISE 헬스케어채권혼합,0.68,-1.46,기타,13456,164,146,1
183700,RISE 채권혼합,0.36,0.41,기타,32,1,146,1
495060,TIMEFOLIO 코리아밸류업액티브,1.19,-4.54,국내 시장지수,6302,58,145,2
219390,RISE 미국S&P원유생산기업(합성 H),1.56,-2.15,해외주식,26929,165,145,2
316670,KOSEF 코스닥150,1.93,-9.34,국내 시장지수,3220,19,144,3
491620,RISE 미국테크100데일리고정커버드콜,1.15,12.01,해외주식,65852,729,145,2
304770,HANARO 코스닥150,2.01,-9.76,국내 시장지수,5883,70,144,3
446700,RISE 배터리 리사이클링,2.62,-15.18,국내 업종/테마,14506,134,143,3
440650,ACE 미국달러단기채권액티브,0.46,8.8,채권,27062,320,142,1
117680,KODEX 철강,3.22,0.82,국내 업종/테마,21971,200,141,3
435040,ACE 글로벌브랜드TOP10블룸버그,1.13,15.92,해외주식,2453,43,141,2
241390,RISE V&S셀렉트밸류채권혼합,0.51,-0.74,기타,188,2,140,1
456250,KODEX 유럽명품TOP10 STOXX,1.2,5.73,해외주식,7739,74,139,2
472350,1Q 차이나H(H),1.35,-8.51,해외주식,1416,18,139,2
494420,PLUS 미국배당증가성장주데일리커버드콜,0.87,2.02,국내 업종/테마,23813,235,139,2
490590,RISE 미국AI밸류체인데일리고정커버드콜,1.5,13.36,해외주식,71474,816,138,2
139270,TIGER 200 금융,1.76,-3.05,국내 업종/테마,4158,35,137,3
474920,에셋플러스 차이나일등기업포커스10액티브,1.6,0.0,해외주식,2066,27,135,2
250780,TIGER 코스닥150선물인버스,1.98,8.52,국내파생,186604,740,134,3
223190,KODEX 200가치저변동,1.14,-1.24,국내 업종/테마,1580,17,133,2
407820,에셋플러스 코리아플랫폼액티브,0.99,-3.81,국내 업종/테마,538,3,133,2
453660,KODEX 미국S&P500경기소비재,1.41,21.03,해외주식,12946,227,132,2
482870,HANARO 주주가치성장코리아액티브,1.15,-3.2,국내 업종/테마,53,0,132,2
105780,RISE 5대그룹주,1.37,-6.97,국내 업종/테마,338,1,130,2
459790,히어로즈 미국성장기업30액티브,1.36,11.82,해외주식,100351,1529,130,2
463690,KODEX 미국S&P500커뮤니케이션,1.03,17.13,해외주식,94,1,130,2
463640,KODEX 미국S&P500유틸리티,1.23,4.52,해외주식,5216,67,130,2
465670,TIGER 미국캐시카우100,1.02,6.64,해외주식,12598,162,129,2
217780,TIGER 차이나CSI300인버스(합성),1.21,-1.24,해외주식,4430,33,128,2
245350,TIGER 유로스탁스배당30,0.59,-0.37,해외주식,1494,18,128,1
417450,RISE 글로벌수소경제,2.04,14.58,해외주식,3539,27,127,3
138910,KODEX 구리선물(H),1.09,-6.68,원자재,5020,35,127,2
269370,TIGER S&P글로벌인프라(합성),0.93,6.73,해외주식,261,3,126,2
451670,RISE 국채30년레버리지(합성),1.29,8.75,채권,3217,80,126,2
140710,KODEX 운송,1.24,3.6,국내 업종/테마,17964,93,124,2
306950,KODEX KRX300레버리지,2.31,-7.82,국내파생,7196,87,123,3
140950,파워 코스피100,1.17,-2.08,국내 시장지수,180,4,123,2
433500,ACE 원자력테마딥서치,1.92,6.72,국내 업종/테마,6306,110,123,3
225130,ACE 골드선물 레버리지(합성 H),1.93,-0.47,해외주식,3224,78,123,3
496770,PLUS 글로벌방산,1.22,-7.17,해외주식,2515,23,122,2
461900,PLUS 미국테크TOP10,1.3,20.53,해외주식,6271,117,122,2
275300,KODEX MSCI퀄리티,1.15,-1.54,국내 업종/테마,538,4,121,2
395280,HANARO Fn K-게임,1.84,-5.74,국내 업종/테마,1743,7,121,3
400590,SOL 글로벌탄소배출권선물ICE(합성),1.28,8.15,해외주식,3028,36,121,2
471290,HANARO CD금리액티브(합성),0.01,0.79,채권,339,35,120,1
300610,TIGER K게임,1.7,-6.41,국내 업종/테마,3338,23,119,3
239660,PLUS 우량회사채50,0.04,1.09,채권,391,46,119,1
182490,TIGER 단기선진하이일드(합성 H),0.43,0.24,채권,940,12,118,1
419650,PLUS 글로벌수소&차세대연료전지,2.37,14.51,해외주식,17465,70,118,3
449690,TIGER 한중반도체(합성),2.0,7.02,해외주식,11,0,118,3
422260,VITA MZ소비액티브,1.55,-0.63,국내 업종/테마,32903,259,118,2
453060,HANARO KOFR금리액티브(합성),0.01,0.79,채권,234,24,117,1
475300,SOL 반도체전공정,2.09,-5.8,국내 업종/테마,8942,66,117,3
195920,TIGER 일본TOPIX(합성 H),0.93,1.81,해외주식,102,2,117,2
487950,KODEX 대만테크고배당다우존스,1.71,6.02,해외주식,4110,39,116,3
453630,KODEX 미국S&P500필수소비재,0.89,3.31,해외주식,2276,27,115,2
266410,KODEX 필수소비재,1.3,-4.98,국내 업종/테마,8153,52,115,2
460660,RISE 미국S&P배당킹,0.92,0.26,해외주식,9128,99,115,2
430500,KOSEF 물가채KIS,0.27,1.88,기타,251,28,114,1
102960,KODEX 기계장비,1.8,-0.95,국내 업종/테마,10454,75,114,3
419420,KODEX 미국클린에너지나스닥,1.75,11.42,해외주식,2779,19,112,3
474390,SOL 국고채30년액티브,0.64,4.88,채권,411,22,112,1
275290,KODEX MSCI밸류,1.23,-3.97,국내 업종/테마,0,0,112,2
291130,ACE 멕시코MSCI(합성),1.34,-2.56,해외주식,1266,15,111,2
469060,RISE 미국반도체NYSE,1.73,4.19,해외주식,7698,121,111,3
428560,KODEX 미국ETF산업Top10 Indxx,1.08,6.95,해외주식,8981,153,111,2
337140,KODEX 코스피대형주,1.11,-2.19,국내 업종/테마,3945,48,111,2
479850,HANARO K-뷰티,2.18,-7.93,국내 업종/테마,4453,48,110,3
276000,TIGER 글로벌자원생산기업(합성 H),1.19,-10.2,해외주식,271,3,110,2
289260,TIGER MSCI KOREA ESG리더스,1.31,-4.39,국내 업종/테마,23,0,110,2
156080,KODEX MSCI Korea,1.22,-3.75,국내 시장지수,423,6,110,2
472840,ITF 200,1.17,-2.72,국내 시장지수,525,17,109,2
385600,ACE 2차전지&친환경차액티브,2.71,-30.45,국내 업종/테마,21204,149,107,3
483030,KOSEF 미국블록버스터바이오테크의약품+,0.91,-4.39,해외주식,4879,47,107,2
275280,KODEX MSCI모멘텀,1.31,-0.04,국내 업종/테마,242,3,107,2
461450,KODEX 코스닥글로벌,2.31,-12.13,국내 시장지수,326,3,106,3
104530,KOSEF 고배당,1.09,3.35,국내 업종/테마,6691,73,104,2
290080,RISE 200고배당커버드콜ATM,0.95,3.75,국내파생,12440,99,104,2
230480,KOSEF 미국달러선물인버스2X,0.88,-15.0,기타,2676,12,102,2
225030,TIGER 미국S&P500선물인버스(H),0.81,-1.34,해외주식,80062,235,101,1
261110,TIGER 미국달러선물레버리지,0.93,17.0,기타,504,8,101,2
460270,히어로즈 미국달러SOFR금리액티브(합성),0.46,8.71,채권,84,1,100,1
491700,HK 200,1.18,-3.66,국내 시장지수,0,0,100,2
433220,에셋플러스 글로벌대장장이액티브,1.3,18.52,해외주식,206,3,99,2
365040,TIGER AI코리아그로스액티브,1.16,-1.19,국내 시장지수,3644,45,99,2
490330,KoAct 미국뇌질환치료제액티브,1.69,3.39,해외주식,3943,39,99,2
104520,KOSEF 블루칩,1.16,-3.51,국내 업종/테마,363,2,99,2
464060,HANARO 글로벌반도체TOP10 SOLACTIVE,1.87,8.64,해외주식,3696,66,99,3
489000,PLUS 일본엔화초단기국채(합성),0.52,1.44,채권,27258,269,99,1
267440,RISE 미국장기국채선물(H),0.59,-6.82,채권,6448,52,98,1
292730,FOCUS KRX300,1.27,-3.3,국내 시장지수,387,6,98,2
475070,KoAct 글로벌기후테크인프라액티브,1.94,21.13,해외주식,2417,39,98,3
450190,KODEX 한중반도체(합성),1.81,10.3,해외주식,1,0,97,3
400580,SOL 유럽탄소배출권선물S&P(H),1.87,15.13,해외주식,2390,25,97,3
496130,TRUSTON 코리아밸류업액티브,1.08,-1.52,국내 시장지수,231,2,97,2
432840,HANARO 미국S&P500,0.93,10.82,해외주식,1441,23,97,2
310080,RISE 중국MSCI China(H),1.42,-13.8,해외주식,9969,80,97,2
181480,ACE 미국부동산리츠(합성 H),1.18,-6.84,기타,1326,106,96,2
337150,KODEX 200exTOP,1.09,-2.75,국내 업종/테마,35,0,96,2
100910,KOSEF KRX100,1.26,-3.53,국내 시장지수,2302,12,96,2
494210,SOL 미국500타겟커버드콜액티브,0.89,8.68,해외주식,123628,1314,96,2
499150,SOL 미국S&P500엔화노출(H),1.14,-5.44,해외주식,504028,4825,96,2
138530,TIGER LG그룹+펀더멘털,1.26,-9.82,국내 업종/테마,26936,176,95,2
404260,KODEX 기후변화솔루션,1.66,-13.73,국내 업종/테마,399,3,95,2
480460,WON 한국부동산TOP3플러스,0.99,-5.54,기타,2500,23,95,2
159800,마이티 코스피100,1.22,-2.49,국내 시장지수,5,0,94,2
498860,RISE 코리아금융고배당,1.21,-3.01,국내 업종/테마,175169,1638,93,2
390400,KODEX 미국스마트모빌리티S&P,1.69,12.73,해외주식,9305,57,93,2
145850,TREX 펀더멘탈 200,1.08,-4.62,국내 업종/테마,0,0,93,2
376410,TIGER 탄소효율그린뉴딜,1.26,-2.68,국내 업종/테마,1766,14,92,2
091220,TIGER 은행,1.74,-4.44,국내 업종/테마,3380,29,92,3
410870,TIMEFOLIO K컬처액티브,1.98,-8.32,국내 업종/테마,3436,31,90,3
226980,KODEX 200 중소형,1.31,-3.98,국내 시장지수,3655,47,90,2
289040,KODEX MSCI KOREA ESG유니버설,1.25,-4.72,국내 업종/테마,10,0,90,2
368680,KODEX K-뉴딜디지털플러스,1.58,-9.33,국내 업종/테마,119,0,89,2
477490,에셋플러스 글로벌일등기업포커스10액티브,1.26,20.07,해외주식,796,11,89,2
491630,RISE 미국반도체인버스(합성 H),1.93,-1.72,해외주식,120,2,89,3
475310,SOL 반도체후공정,3.07,-1.65,국내 업종/테마,104175,1058,89,3
489860,KOSEF 글로벌전력GRID인프라,1.14,6.34,해외주식,12406,137,89,2
269530,PLUS S&P글로벌인프라,1.02,7.11,해외주식,1866,32,87,2
442580,PLUS 글로벌HBM반도체,2.24,0.61,해외주식,2394,41,87,3
174350,TIGER 로우볼,0.83,-0.89,국내 업종/테마,393,5,87,1
395760,PLUS ESG성장주액티브,1.14,-1.32,국내 업종/테마,365,2,86,2
471780,TIGER 코리아테크액티브,1.69,-5.74,국내 업종/테마,164,1,86,2
446690,KODEX 아시아AI반도체exChina액티브,1.59,3.82,해외주식,171,2,86,2
452440,VITA 밸류알파액티브,1.56,5.34,국내 업종/테마,20918,252,86,2
497520,ACE 일라이릴리밸류체인,1.13,10.33,해외주식,5549,58,85,2
429740,PLUS K리츠,1.09,-6.03,기타,6558,42,85,2
375270,RISE 글로벌데이터센터리츠(합성),1.09,-2.73,기타,1083,13,85,2
122090,PLUS 코스피50,1.21,-1.98,국내 시장지수,777,18,85,2
225050,TIGER 유로스탁스레버리지(합성 H),1.81,0.22,해외주식,263,2,85,3
442090,에셋플러스 코리아대장장이액티브,1.4,-4.41,국내 업종/테마,14753,154,84,2
139320,TIGER 금은선물(H),1.03,0.42,원자재,1886,22,84,2
498050,HANARO 바이오코리아액티브,2.84,7.76,국내 업종/테마,3911,40,83,3
217770,TIGER 원유선물인버스(H),1.44,-4.51,원자재,79468,210,83,2
415760,SOL 차이나육성산업액티브(합성),3.1,4.06,해외주식,6016,44,83,3
488290,마이다스 일본테크액티브,1.26,2.55,해외주식,1748,38,83,2
472720,TRUSTON 주주가치액티브,0.98,-0.65,국내 시장지수,294,3,83,2
225060,TIGER 이머징마켓MSCI레버리지(합성 H),1.65,-14.64,해외주식,101,0,82,2
411540,SOL 200 Top10,1.34,-6.04,국내 시장지수,550,4,82,2
468370,KODEX iShares미국인플레이션국채액티브,0.46,5.15,채권,10806,120,82,1
497510,ACE 글로벌빅파마,0.95,3.03,해외주식,789,8,82,2
152500,ACE 레버리지,2.3,-6.79,국내파생,8404,52,81,3
445910,TIGER MKF배당귀족,0.96,-1.65,국내 업종/테마,4021,49,81,2
424460,HANARO 글로벌워터MSCI(합성),0.92,-0.74,해외주식,497,6,81,2
292500,SOL KRX300,1.18,-3.15,국내 시장지수,17,0,81,2
215620,HK S&P코리아로우볼,0.84,-2.48,국내 업종/테마,1,0,80,2
364690,KODEX 혁신기술테마액티브,1.14,-1.47,국내 시장지수,3,0,80,2
229720,KODEX KTOP30,1.28,-6.62,국내 시장지수,2456,39,80,2
205720,ACE 일본TOPIX인버스(합성 H),0.81,-2.62,해외주식,13287,32,80,1
117690,TIGER 차이나항셍25,1.45,4.83,해외주식,1097,19,79,2
292160,TIGER KRX300,1.19,-4.24,국내 시장지수,66,1,79,2
433880,PLUS TDF2060액티브,0.78,6.92,기타,6988,104,79,1
192720,파워 고배당저변동성,1.03,2.39,국내 업종/테마,229,7,79,2
438210,PLUS 글로벌AI,1.73,28.01,해외주식,4265,66,79,3
449580,RISE 미국빅데이터Top3채권혼합,1.16,15.25,기타,6573,103,78,2
474800,KOSEF 미국원유에너지기업,1.27,6.37,해외주식,8651,103,78,2
404120,TIMEFOLIO K신재생에너지액티브,1.6,-12.49,국내 업종/테마,9,0,78,2
467540,KOSEF 코스닥글로벌,2.28,-13.15,국내 시장지수,15,0,78,3
464600,SOL 자동차소부장Fn,1.67,-0.76,국내 업종/테마,13924,127,78,2
451150,에셋플러스 글로벌영에이지액티브,1.11,20.99,해외주식,28,0,78,2
183710,RISE 주식혼합,0.75,-2.24,기타,1,0,77,1
360150,KODEX 코스닥150롱코스피200숏선물,1.31,-6.51,국내 업종/테마,2999,28,76,2
237440,TIGER 경기방어채권혼합,0.48,0.96,기타,884,8,76,1
438740,마이다스 중소형액티브,1.41,-2.18,국내 업종/테마,23,0,76,2
464610,SOL 의료기기소부장Fn,2.02,-6.14,국내 업종/테마,6104,58,76,3
252650,KODEX 200동일가중,1.18,-5.16,국내 시장지수,1,0,75,2
483020,KOSEF 의료AI,2.85,1.21,국내 업종/테마,9387,94,75,3
375760,HANARO 탄소효율그린뉴딜,1.24,-3.15,국내 업종/테마,110,0,74,2
385710,TIMEFOLIO K이노베이션액티브,1.56,-6.99,국내 업종/테마,808,6,75,2
426330,KOSEF 미국ETF산업STOXX,1.1,8.11,해외주식,27,0,74,2
462340,에셋플러스 글로벌다이나믹시니어액티브,1.08,12.98,해외주식,34,0,74,2
322410,HANARO 고배당,1.08,1.31,국내 업종/테마,1525,20,74,2
304670,KODEX 미국30년국채울트라선물인버스(H),0.88,10.15,채권,2974,36,74,2
432600,RISE 국채선물3년,0.39,1.64,채권,2,0,74,1
473640,HANARO 글로벌금채굴기업,1.95,-1.95,해외주식,2052,27,73,3
253280,RISE 헬스케어,2.1,-6.46,국내 업종/테마,9052,132,73,3
488480,RISE 일본섹터TOP4Plus,1.15,6.29,해외주식,215,2,73,2
460280,KOSEF Fn유전자혁신기술,2.4,-3.34,국내 업종/테마,2089,20,73,3
337120,KODEX 멀티팩터,0.96,-2.7,국내 업종/테마,1,0,72,2
435550,히어로즈 TDF2050액티브,0.74,6.86,기타,4022,58,72,1
429010,TIGER 미국나스닥넥스트100,1.24,10.82,해외주식,654,9,72,2
441330,KOSEF 차이나A50커넥트MSCI,1.21,-3.32,해외주식,10,0,72,2
253160,PLUS 200선물인버스2X,2.33,4.93,국내파생,8150,39,72,3
494220,UNICORN SK하이닉스밸류체인액티브,3.2,0.24,국내 업종/테마,88458,886,72,3
435540,히어로즈 TDF2040액티브,0.67,6.93,기타,1542,22,72,1
371150,RISE 차이나항셍테크,1.79,-2.72,해외주식,3694,25,71,3
488210,KOSEF K-반도체북미공급망,2.42,-0.18,국내 업종/테마,2605,21,71,3
253150,PLUS 200선물레버리지,2.49,-6.98,국내파생,706,19,71,3
227570,TIGER 우량가치,1.02,-4.54,국내 업종/테마,79,0,71,2
433870,PLUS TDF2050액티브,0.74,6.6,기타,716,10,71,1
373490,KODEX K-이노베이션액티브,1.31,-5.13,국내 업종/테마,172,2,71,2
367740,HANARO Fn5G산업,1.32,0.56,국내 업종/테마,161,2,71,2
267490,RISE 미국장기국채선물레버리지(합성 H),1.19,-14.74,채권,12148,64,70,2
457930,BNK 미래전략기술액티브,1.21,1.42,국내 업종/테마,31,0,69,2
253250,KOSEF 200선물레버리지,2.33,-7.15,국내파생,22698,315,69,3
399580,RISE 글로벌클린에너지,1.24,-9.87,해외주식,5451,34,69,2
289670,PLUS 국채선물10년,0.35,1.45,채권,50,2,69,1
488200,KOSEF K-2차전지북미공급망,2.74,-28.63,국내 업종/테마,3948,30,69,3
379790,RISE 유로스탁스50(H),0.88,0.88,해외주식,3101,42,69,2
449680,TIGER 한중전기차(합성),1.43,-10.65,기타,47,0,69,2
131890,ACE 삼성그룹동일가중,1.2,-2.47,국내 업종/테마,2079,35,69,2
416090,ACE 중국과창판STAR50,2.79,3.05,해외주식,3268,24,68,3
413930,WON AI ESG액티브,1.09,-2.62,국내 업종/테마,518,4,68,2
108590,TREX 200,1.17,-2.6,국내 시장지수,29,0,68,2
298340,PLUS 국채선물3년,0.11,1.35,채권,0,0,68,1
234310,RISE V&S셀렉트밸류,1.24,-4.01,국내 업종/테마,4,0,68,2
270800,RISE KQ고배당,1.22,1.26,국내 업종/테마,42,0,68,2
448100,WON 200,1.22,-3.95,국내 시장지수,4,0,67,2
411860,KOSEF 독일DAX,1.03,7.1,해외주식,3375,45,67,2
435530,히어로즈 TDF2030액티브,0.6,6.13,기타,2917,39,67,1
253230,KOSEF 200선물인버스2X,2.34,5.15,국내파생,194815,464,66,3
153270,KOSEF 코스피100,1.22,-2.22,국내 시장지수,310,7,66,2
491820,HANARO 전력설비투자,2.68,5.24,국내 업종/테마,6215,74,66,3
442560,RISE TDF2040액티브,0.51,4.42,기타,2246,29,66,1
227830,PLUS 코스피,1.17,-2.67,국내 시장지수,197,5,66,2
305050,ACE 코스피,1.16,-2.8,국내 시장지수,3051,79,65,2
292050,RISE KRX300,1.27,-3.0,국내 시장지수,33,0,65,2
469790,KOSEF K-테크TOP10,1.52,2.96,국내 업종/테마,14327,152,65,2
176950,KODEX 국채선물10년인버스,0.34,-0.26,채권,26,1,65,1
401590,HANARO 글로벌탄소배출권선물ICE(합성),1.26,8.2,해외주식,1139,11,64,2
433860,PLUS TDF2040액티브,0.61,4.29,기타,282,3,64,1
138920,KODEX 콩선물(H),1.1,-3.99,원자재,135,1,64,2
295000,RISE 국채선물10년,0.57,2.14,채권,1349,74,64,1
489010,PLUS 글로벌AI인프라,1.82,8.89,해외주식,236,3,64,3
442550,RISE TDF2030액티브,0.56,3.51,기타,3200,40,63,1
277640,TIGER 코스피대형주,2.38,-2.54,국내 업종/테마,3167,39,63,3
316300,ACE 싱가포르리츠,0.83,-6.26,기타,517,6,63,1
251590,PLUS 고배당저변동50,0.74,-0.64,국내 업종/테마,3392,42,63,1
289250,TIGER MSCI KOREA ESG유니버설,1.1,-4.26,국내 업종/테마,1,0,63,2
304760,HANARO KRX300,1.26,-3.19,국내 시장지수,51,0,63,2
433850,PLUS TDF2030액티브,0.54,4.25,기타,545,6,62,1
166400,TIGER 200커버드콜OTM,1.08,-0.68,국내파생,960,11,62,2
279540,KODEX 최소변동성,1.08,-5.57,국내 업종/테마,0,0,62,2
244620,KODEX 모멘텀Plus,1.55,-3.93,국내 업종/테마,121,1,61,2
456200,PLUS 미국달러SOFR금리액티브(합성),0.47,8.85,채권,56,3,60,1
228820,TIGER KTOP30,1.26,-6.3,국내 시장지수,10146,81,60,2
455660,ACE 미국하이일드액티브(H),0.54,0.21,채권,11986,119,60,1
429980,SOL 한국형글로벌전기차&2차전지액티브,1.19,4.13,기타,1052,12,60,2
395750,PLUS ESG가치주액티브,1.09,-3.63,국내 업종/테마,26,0,60,2
189400,PLUS 글로벌MSCI(합성 H),0.88,-0.25,해외주식,121,2,59,2
461580,TIGER 코스닥글로벌,2.35,-11.14,국내 시장지수,203,2,59,3
481200,SOL 미국테크TOP10인버스(합성),1.31,-16.37,해외주식,3729,27,59,2
428510,KODEX 차이나메타버스액티브,1.27,3.34,해외주식,1085,13,59,2
476310,RISE 글로벌비만산업TOP2+,1.26,-7.96,해외주식,5303,51,59,2
469530,RISE 미국달러선물인버스,0.45,-6.87,국내파생,355,3,59,1
450180,KODEX 한중전기차(합성),1.61,-10.77,기타,48,0,59,2
373530,PLUS 신흥국MSCI인버스(합성 H),0.78,8.67,해외주식,11,0,58,1
140580,RISE 우량업종대표주,1.06,0.04,국내 업종/테마,28,0,58,2
315270,TIGER 200커뮤니케이션서비스,1.46,5.11,국내 업종/테마,2099,38,58,2
219900,ACE 중국본토CSI300레버리지(합성),2.93,-6.9,해외주식,15764,47,58,3
459370,SOL 유럽탄소배출권선물인버스ICE(H),2.0,-14.15,해외주식,619,7,57,3
280920,PLUS 주도업종,1.28,-4.84,국내 업종/테마,17,0,57,2
397410,RISE 국채선물5년추종인버스,0.38,-0.06,채권,6,0,57,1
267450,RISE 미국장기국채선물인버스(H),0.68,9.13,채권,57,0,57,1
346000,HANARO KAP초장기국고채,0.54,3.51,채권,359,14,57,1
404650,SOL KRX기후변화솔루션,1.6,-14.8,국내 업종/테마,24,0,56,2
284980,RISE 200금융,1.68,-2.96,국내 업종/테마,3428,38,56,2
261920,ACE 필리핀MSCI(합성),1.17,-8.0,해외주식,168,2,56,2
105010,TIGER 라틴35,1.21,0.35,해외주식,2591,11,55,2
281990,RISE 중소형고배당,0.96,0.88,국내 업종/테마,534,5,55,2
307520,TIGER 지주회사,1.23,-4.27,국내 업종/테마,4351,42,54,2
380340,ACE Fn5G플러스,1.62,0.39,국내 업종/테마,405,3,54,2
371870,ACE 차이나항셍테크,1.8,-2.61,해외주식,902,6,54,3
252410,RISE 200선물인버스,1.17,3.08,국내파생,598,3,53,2
397420,RISE 국채선물5년추종,0.34,1.67,채권,2,0,53,1
437550,히어로즈 글로벌리츠이지스액티브,1.37,-2.42,기타,126,1,53,2
450120,KOSEF SK그룹대표주,1.66,1.05,국내 업종/테마,1148,14,53,2
473500,KOSEF 글로벌전력반도체,2.26,9.97,해외주식,7548,65,52,3
261140,TIGER 우선주,1.23,-9.68,국내 업종/테마,4854,52,52,2
437370,RISE 글로벌농업경제,0.96,-2.25,해외주식,3065,26,52,2
291680,RISE 차이나H선물인버스(H),1.31,8.28,해외주식,1471,15,52,2
457990,PLUS 태양광&ESS,1.89,-4.54,국내 업종/테마,4804,45,52,3
227560,TIGER 200 생활소비재,1.19,-4.17,국내 업종/테마,417,3,51,2
485810,TIMEFOLIO 글로벌안티에이징바이오액티브,1.13,-7.56,해외주식,205267,1884,50,2
226380,ACE Fn성장소비주도주,1.23,-0.81,국내 업종/테마,128,0,50,2
314700,HANARO 농업융복합산업,1.21,-10.69,국내 업종/테마,15,0,49,2
285690,FOCUS ESG리더스,1.07,-3.05,국내 업종/테마,6,0,49,2
301400,PLUS 코스닥150,1.94,-9.4,국내 시장지수,26,0,49,3
402460,HANARO Fn K-메타버스MZ,1.17,-0.85,국내 업종/테마,965,6,48,2
321410,KODEX 멀티에셋하이인컴(H),0.82,-3.67,기타,1,0,48,1
404540,TIGER KRX기후변화솔루션,1.65,-14.48,국내 업종/테마,560,5,48,2
373790,KOSEF 미국방어배당성장나스닥,1.18,0.44,해외주식,3349,49,48,2
454180,KOSEF 차이나내수소비TOP CSI,1.47,-4.05,해외주식,4900,41,46,2
466810,BNK 2차전지양극재,2.92,-27.48,국내 업종/테마,3956,21,46,3
407160,KCGI 테크미디어텔레콤액티브,1.29,-0.12,국내 업종/테마,159,1,46,2
157500,TIGER 증권,1.57,-0.35,국내 업종/테마,9386,53,46,2
334690,RISE 팔라듐선물(H),2.26,-12.7,원자재,5070,23,45,3
426410,PLUS 미국대체투자Top10,1.73,17.41,해외주식,2437,54,45,3
390950,HANARO 단기채권액티브,0.01,0.78,채권,6,0,45,1
256450,PLUS 심천차이넥스트(합성),2.91,-7.0,해외주식,1228,10,44,3
291620,KOSEF 코스닥150선물인버스,2.0,8.78,국내파생,19797,139,44,3
139290,TIGER 200 경기소비재,1.15,-1.12,국내 업종/테마,375,5,44,2
238670,PLUS 스마트베타Quality채권혼합,0.38,0.37,기타,6267,68,44,1
486780,HANARO 200선물레버리지1.5X,1.8,-5.55,국내파생,505,5,44,3
381570,HANARO Fn친환경에너지,2.23,-16.96,국내 업종/테마,196,1,43,3
306520,HANARO 200선물인버스,1.2,3.72,국내파생,899,9,42,2
473380,HANARO K-메디테크,2.3,3.6,국내 업종/테마,3100,29,42,3
419170,HANARO 미국메타버스iSelect,1.35,15.51,해외주식,18,0,42,2
487750,BNK 온디바이스AI,2.23,1.0,국내 업종/테마,1289,9,42,3
244660,KODEX 퀄리티Plus,0.88,-2.6,국내 업종/테마,17,0,41,2
413220,SOL 차이나태양광CSI(합성),2.76,-8.3,해외주식,3575,14,41,3
291890,KODEX MSCI EM선물(H),0.78,-8.57,해외주식,481,3,41,1
407170,KCGI 스마트커머스액티브,1.41,-2.11,국내 업종/테마,266,2,41,2
407310,HANARO 200 TOP10,1.42,-5.65,국내 시장지수,488,3,40,2
486790,HANARO 코스닥150선물레버리지1.5X,2.95,-14.13,국내파생,45,0,40,3
266390,KODEX 경기소비재,1.03,-3.94,국내 업종/테마,3114,24,40,2
244670,KODEX 밸류Plus,1.14,-3.76,국내 업종/테마,123,0,39,2
433250,UNICORN R&D 액티브,1.26,-3.22,국내 시장지수,102,1,39,2
429870,히어로즈 리츠이지스액티브,1.02,-5.44,기타,401,2,39,2
487130,KoAct AI인프라액티브,1.86,3.56,국내 업종/테마,1660,13,38,3
307510,TIGER 의료기기,2.02,-1.69,국내 업종/테마,803,12,38,3
139240,TIGER 200 철강소재,3.51,1.05,국내 업종/테마,1261,11,37,3
476000,UNICORN 포스트IPO액티브,2.27,-12.91,국내 업종/테마,33,0,36,3
147970,TIGER 모멘텀,1.22,0.35,국내 업종/테마,506,15,36,2
253240,KOSEF 200선물인버스,1.19,2.88,국내파생,4716,28,35,2
277650,TIGER 코스피중형주,1.16,-3.95,국내 업종/테마,10,0,35,2
470310,UNICORN 생성형AI강소기업액티브,1.89,3.88,국내 업종/테마,1311,10,35,3
427120,RISE 플랫폼테마,2.0,19.71,국내 업종/테마,452,3,35,3
411720,RISE 글로벌메타버스,1.53,19.08,해외주식,188,3,35,2
140570,RISE 수출주,1.46,-3.04,국내 업종/테마,700,7,34,2
391670,HK 베스트일레븐액티브,1.16,-6.97,국내 시장지수,25,0,34,2
252000,TIGER 200동일가중,1.17,-4.29,국내 시장지수,44,0,34,2
220130,SOL 차이나강소기업CSI500(합성 H),2.89,-11.89,해외주식,3923,16,33,3
139310,TIGER 금속선물(H),1.09,-6.03,원자재,337,1,33,2
334700,RISE 팔라듐선물인버스(H),2.37,9.55,원자재,132,0,31,3
280940,KODEX 골드선물인버스(H),1.01,0.81,원자재,436,2,31,2
476260,HANARO 반도체핵심공정주도주,2.92,-2.5,국내 업종/테마,19533,129,31,3
448510,HANARO 글로벌신재생에너지MSCI(합성),1.14,-1.84,해외주식,79,0,30,2
407300,HANARO Fn골프테마,1.25,-6.43,국내 업종/테마,301,1,30,2
266550,PLUS 중형주저변동50,1.13,-3.32,국내 업종/테마,104,1,29,2
291630,KOSEF 코스닥150선물레버리지,3.93,-20.79,국내파생,23179,85,29,3
145670,ACE 인버스,1.18,2.99,국내파생,594,3,28,2
243890,TIGER 200에너지화학레버리지,3.4,-31.82,국내 업종/테마,35906,131,28,3
098560,TIGER 방송통신,1.29,8.9,국내 업종/테마,8564,63,25,2
261060,TIGER 코스닥150IT,2.15,-2.79,국내 업종/테마,6699,82,25,3
465620,ACE 미국빅테크TOP7 Plus인버스(합성),1.32,-19.48,해외주식,791,7,24,2
275750,RISE 코스닥150선물인버스,1.98,8.48,국내파생,3381,13,24,3
415920,PLUS 글로벌희토류&전략자원생산기업,1.66,-4.57,원자재,2137,9,24,2
469580,RISE KP달러채권액티브,0.44,8.28,채권,2191,127,23,1
482030,KoAct 테크핵심소재공급망액티브,2.19,-16.5,국내 업종/테마,10244,65,23,3
301410,PLUS 코스닥150선물인버스,1.94,8.82,국내파생,701,4,21,3
306530,HANARO 코스닥150선물레버리지,3.78,-20.81,국내파생,2275,16,19,3
432850,HANARO 글로벌백신치료제MSCI,1.12,-0.13,해외주식,8219,95,18,2
472490,HANARO 미국애그테크,1.19,6.28,해외주식,9,0,17,2
227550,TIGER 200 산업재,1.61,-6.19,국내 업종/테마,404,2,16,2
412560,TIGER BBIG레버리지,3.02,-13.53,국내 업종/테마,275,0,16,3
429990,SOL 한국형글로벌플랫폼&메타버스액티브,1.18,10.43,기타,6,0,10,2
427110,RISE 창업투자회사,2.75,8.51,국내 업종/테마,2206,14,8,3
