업종명,종목명,코스닥 여부
건강관리장비와용품,젠큐릭스,True
건강관리장비와용품,HLB,True
건강관리장비와용품,아스타,True
건강관리장비와용품,바이오프로테크,False
건강관리장비와용품,노보믹스,False
건강관리장비와용품,엘앤씨바이오,True
건강관리장비와용품,나눔테크,False
건강관리장비와용품,오건에코텍,False
건강관리장비와용품,하스,True
건강관리장비와용품,알파녹스,True
건강관리장비와용품,유엑스엔,False
건강관리장비와용품,티앤엘,True
건강관리장비와용품,하이로닉,True
건강관리장비와용품,진시스템,True
건강관리장비와용품,노을,True
건강관리장비와용품,SCL사이언스,True
건강관리장비와용품,수젠텍,True
건강관리장비와용품,바이오다인,True
건강관리장비와용품,인바디,True
건강관리장비와용품,제테마,True
건강관리장비와용품,바이오플러스,True
건강관리장비와용품,아이엠지티,False
건강관리장비와용품,오스테오닉,True
건강관리장비와용품,켈스,False
건강관리장비와용품,제노레이,True
건강관리장비와용품,레이언스,True
건강관리장비와용품,클래시스,True
건강관리장비와용품,세종메디칼,True
건강관리장비와용품,디알젬,True
건강관리장비와용품,타스컴,False
건강관리장비와용품,한국비티비,True
건강관리장비와용품,애니메디솔루션,False
건강관리장비와용품,레이저옵텍,True
건강관리장비와용품,에이엠시지,False
건강관리장비와용품,신흥,False
건강관리장비와용품,인터로조,True
건강관리장비와용품,인트로메딕,True
건강관리장비와용품,세니젠,True
건강관리장비와용품,메디쎄이,False
건강관리장비와용품,리메드,True
건강관리장비와용품,피제이전자,True
건강관리장비와용품,프로티아,True
건강관리장비와용품,펨토바이오메드,False
건강관리장비와용품,뷰웍스,True
건강관리장비와용품,한컴라이프케어,False
건강관리장비와용품,휴비츠,True
건강관리장비와용품,마이크로엔엑스,False
건강관리장비와용품,세운메디칼,True
건강관리장비와용품,시지메드텍,True
건강관리장비와용품,이오플로우,True
건강관리장비와용품,한국비엔씨,True
건강관리장비와용품,비스토스,True
건강관리장비와용품,디알텍,True
건강관리장비와용품,엠아이텍,True
건강관리장비와용품,에스디바이오센서,False
건강관리장비와용품,아이오바이오,False
건강관리장비와용품,비올,True
건강관리장비와용품,메타바이오메드,True
건강관리장비와용품,씨유메디칼,True
건강관리장비와용품,엘앤케이바이오,True
건강관리장비와용품,덴티스,True
건강관리장비와용품,바텍,True
건강관리장비와용품,원텍,True
건강관리장비와용품,디오,True
건강관리장비와용품,녹십자엠에스,True
건강관리장비와용품,아이센스,True
건강관리장비와용품,원바이오젠,True
건강관리장비와용품,플라즈맵,True
건강관리장비와용품,바이오노트,False
건강관리장비와용품,멕아이씨에스,True
건강관리장비와용품,시너지이노베이션,True
건강관리장비와용품,제이브이엠,True
건강관리장비와용품,피플바이오,True
건강관리장비와용품,파마리서치,True
건강관리장비와용품,큐렉소,True
건강관리장비와용품,엔젤로보틱스,True
건강관리장비와용품,셀바스헬스케어,True
건강관리장비와용품,덴티움,False
건강관리장비와용품,지노믹트리,True
건강관리장비와용품,제놀루션,True
건강관리장비와용품,메디안디노스틱,False
건강관리장비와용품,레이,True
건강관리장비와용품,메디아나,True
건강관리장비와용품,마이크로디지탈,True
건강관리장비와용품,미코바이오메드,True
건강관리장비와용품,라메디텍,True
건강관리장비와용품,피앤에스미캐닉스,True
건강관리장비와용품,한스바이오메드,True
건강관리장비와용품,코렌텍,True
건강관리장비와용품,나이벡,True
건강관리장비와용품,넥스트바이오메디컬,True
건강관리장비와용품,에스지헬스케어,True
건강관리장비와용품,루트락,False
건강관리장비와용품,셀바스AI,True
건강관리장비와용품,파인메딕스,True
반도체와반도체장비,에이엘티,True
반도체와반도체장비,케이엔제이,True
반도체와반도체장비,디아이,False
반도체와반도체장비,티엘엔지니어링,False
반도체와반도체장비,피에스케이홀딩스,True
반도체와반도체장비,테크윙,True
반도체와반도체장비,시지트로닉스,True
반도체와반도체장비,큐에스아이,True
반도체와반도체장비,이오테크닉스,True
반도체와반도체장비,에이팩트,True
반도체와반도체장비,티에프이,True
반도체와반도체장비,예스티,True
반도체와반도체장비,제이엔비,True
반도체와반도체장비,넥스트칩,True
반도체와반도체장비,퀄리타스반도체,True
반도체와반도체장비,에이직랜드,True
반도체와반도체장비,엑시콘,True
반도체와반도체장비,ISC,True
반도체와반도체장비,케이씨텍,False
반도체와반도체장비,한양디지텍,True
반도체와반도체장비,SK하이닉스,False
반도체와반도체장비,제우스,True
반도체와반도체장비,HLB이노베이션,True
반도체와반도체장비,피엠티,True
반도체와반도체장비,아이언디바이스,True
반도체와반도체장비,윈팩,True
반도체와반도체장비,가온칩스,True
반도체와반도체장비,에스티아이,True
반도체와반도체장비,케이엔더블유,True
반도체와반도체장비,디엔에프,True
반도체와반도체장비,티에스이,True
반도체와반도체장비,티엘비,True
반도체와반도체장비,LB세미콘,True
반도체와반도체장비,오픈엣지테크놀로지,True
반도체와반도체장비,오로스테크놀로지,True
반도체와반도체장비,한미반도체,False
반도체와반도체장비,유진테크,True
반도체와반도체장비,오킨스전자,True
반도체와반도체장비,코세스,True
반도체와반도체장비,다원넥스뷰,True
반도체와반도체장비,코미코,True
반도체와반도체장비,솔브레인,True
반도체와반도체장비,원익홀딩스,True
반도체와반도체장비,삼성전자우,False
반도체와반도체장비,램테크놀러지,True
반도체와반도체장비,한솔아이원스,True
반도체와반도체장비,월덱스,True
반도체와반도체장비,삼성전자,False
반도체와반도체장비,티씨케이,True
반도체와반도체장비,이엔에프테크놀로지,True
반도체와반도체장비,피에스케이,True
반도체와반도체장비,유니셈,True
반도체와반도체장비,덕산하이메탈,True
반도체와반도체장비,엘오티베큠,True
반도체와반도체장비,브이엠,True
반도체와반도체장비,알에프세미,True
반도체와반도체장비,마이크로컨텍솔,True
반도체와반도체장비,알파홀딩스,True
반도체와반도체장비,NPX,True
반도체와반도체장비,지니틱스,True
반도체와반도체장비,네패스아크,True
반도체와반도체장비,엘티씨,True
반도체와반도체장비,사피엔반도체,True
반도체와반도체장비,제너셈,True
반도체와반도체장비,비씨엔씨,True
반도체와반도체장비,원익IPS,True
반도체와반도체장비,아이앤씨,True
반도체와반도체장비,원익QnC,True
반도체와반도체장비,네온테크,True
반도체와반도체장비,퓨릿,True
반도체와반도체장비,에이디테크놀로지,True
반도체와반도체장비,픽셀플러스,True
반도체와반도체장비,케이씨,False
반도체와반도체장비,엑사이엔씨,True
반도체와반도체장비,타이거일렉,True
반도체와반도체장비,텔레칩스,True
반도체와반도체장비,싸이맥스,True
반도체와반도체장비,파두,True
반도체와반도체장비,피델릭스,True
반도체와반도체장비,위드텍,True
반도체와반도체장비,네오셈,True
반도체와반도체장비,메카로,True
반도체와반도체장비,SFA반도체,True
반도체와반도체장비,아진엑스텍,True
반도체와반도체장비,두산테스나,True
반도체와반도체장비,신성이엔지,False
반도체와반도체장비,지오엘리먼트,True
반도체와반도체장비,하나마이크론,True
반도체와반도체장비,성우테크론,True
반도체와반도체장비,GST,True
반도체와반도체장비,에스앤에스텍,True
반도체와반도체장비,워트,True
반도체와반도체장비,제이아이테크,True
반도체와반도체장비,리노공업,True
반도체와반도체장비,엔시트론,True
반도체와반도체장비,아이텍,True
반도체와반도체장비,KEC,False
반도체와반도체장비,하이딥,True
반도체와반도체장비,제주반도체,True
반도체와반도체장비,미래산업,False
반도체와반도체장비,동진쎄미켐,True
반도체와반도체장비,한국전자홀딩스,False
반도체와반도체장비,와이씨켐,True
반도체와반도체장비,로체시스템즈,True
반도체와반도체장비,티이엠씨,True
반도체와반도체장비,네패스,True
반도체와반도체장비,와이씨,True
반도체와반도체장비,인텍플러스,True
반도체와반도체장비,엔투텍,True
반도체와반도체장비,아이엠티,True
반도체와반도체장비,APS,True
반도체와반도체장비,유니테스트,True
반도체와반도체장비,HPSP,True
반도체와반도체장비,엠케이전자,True
반도체와반도체장비,어보브반도체,True
반도체와반도체장비,큐알티,True
반도체와반도체장비,기가비스,True
반도체와반도체장비,샘씨엔에스,True
반도체와반도체장비,저스템,True
반도체와반도체장비,LB루셈,True
반도체와반도체장비,지앤비에스 에코,True
반도체와반도체장비,유니트론텍,True
반도체와반도체장비,라온테크,True
반도체와반도체장비,미래반도체,True
반도체와반도체장비,뉴파워프라즈마,True
반도체와반도체장비,미코,True
반도체와반도체장비,케이알엠,True
반도체와반도체장비,테크엘,True
반도체와반도체장비,에프에스티,True
반도체와반도체장비,넥스틴,True
반도체와반도체장비,칩스앤미디어,True
반도체와반도체장비,러셀,True
반도체와반도체장비,코스텍시스템,False
반도체와반도체장비,오디텍,True
반도체와반도체장비,KX하이텍,True
반도체와반도체장비,코스텍시스,True
반도체와반도체장비,라온텍,True
반도체와반도체장비,레이저쎌,True
반도체와반도체장비,프로텍,True
반도체와반도체장비,서플러스글로벌,True
반도체와반도체장비,매커스,True
반도체와반도체장비,테스,True
반도체와반도체장비,시그네틱스,True
반도체와반도체장비,티이엠씨씨엔에스,True
반도체와반도체장비,유니퀘스트,False
반도체와반도체장비,하나머티리얼즈,True
반도체와반도체장비,덕산테코피아,True
반도체와반도체장비,주성엔지니어링,True
반도체와반도체장비,그린리소스,True
반도체와반도체장비,씨앤지하이테크,True
반도체와반도체장비,마이크로투나노,True
반도체와반도체장비,제이티,True
반도체와반도체장비,젬백스,True
반도체와반도체장비,이엘씨,True
반도체와반도체장비,DB하이텍,False
반도체와반도체장비,자람테크놀로지,True
반도체와반도체장비,해성디에스,False
반도체와반도체장비,동운아나텍,True
반도체와반도체장비,큐엠씨,False
반도체와반도체장비,아이케이세미콘,False
종이와목재,무림P&P,False
종이와목재,페이퍼코리아,False
종이와목재,한국제지,False
종이와목재,깨끗한나라,False
종이와목재,SUN&L,False
종이와목재,아세아,False
종이와목재,한솔PNS,False
종이와목재,수프로,False
종이와목재,국일제지,True
종이와목재,영풍제지,False
종이와목재,성창기업지주,False
종이와목재,깨끗한나라우,False
종이와목재,한솔홀딩스,False
종이와목재,무림SP,True
종이와목재,무림페이퍼,False
종이와목재,한솔제지,False
종이와목재,해성산업,True
종이와목재,해성산업1우,True
가정용품,질경이,False
가정용품,전진바이오팜,True
가정용품,아크솔루션스,True
가정용품,지앤이헬스케어,False
가정용품,TS트릴리온,True
가정용품,한국미라클피플사,False
가정용품,비비씨,True
가정용품,케이엠제약,True
가정용품,삼정펄프,False
가정용품,모나리자,False
가정용품,태양,True
전기제품,이노벡스,False
전기제품,웰킵스하이텍,True
전기제품,지아이텍,True
전기제품,제일엠앤에스,True
전기제품,LS머트리얼즈,True
전기제품,에이에프더블류,True
전기제품,LG에너지솔루션,False
전기제품,디이엔티,True
전기제품,에스퓨얼셀,True
전기제품,피엔티엠에스,True
전기제품,엠플러스,True
전기제품,비츠로셀,True
전기제품,삼성SDI,False
전기제품,두산퓨얼셀2우B,False
전기제품,아이비젼웍스,True
전기제품,신흥에스이씨,True
전기제품,한송네오텍,True
전기제품,디에이테크놀로지,True
전기제품,이큐셀,True
전기제품,MIT,True
전기제품,KH 필룩스,False
전기제품,삼성SDI우,False
전기제품,두산퓨얼셀1우,False
전기제품,성문전자우,False
전기제품,피에스텍,True
전기제품,두산퓨얼셀,False
전기제품,동양이엔피,True
전기제품,필에너지,True
전기제품,삼화콘덴서,False
전기제품,상신이디피,True
전기제품,SK아이이테크놀로지,False
전기제품,케이엔에스,True
전기제품,엠오티,True
전기제품,나인테크,True
전기제품,한빛레이저,True
전기제품,민테크,True
전기제품,성문전자,False
전기제품,신화콘텍,True
전기제품,에스씨디,True
전기제품,씨아이에스,True
전기제품,천보,True
전기제품,더블유씨피,True
전기제품,에코프로비엠,True
전기제품,새빗켐,True
전기제품,뉴인텍,True
전기제품,아바코,True
전기제품,삼영전자,False
전기제품,와이엠텍,True
전기제품,서진시스템,True
전기제품,아비코전자,True
전기제품,광무,True
전기제품,파워넷,True
전기제품,코칩,True
전기제품,에코프로머티,False
전기제품,에스피지,True
전기제품,피엔티,True
전기제품,성우,True
전기제품,이노메트리,True
전기제품,원준,True
전기제품,솔브레인홀딩스,True
전기제품,에이치와이티씨,True
전기제품,엔켐,True
전기제품,성일하이텍,True
전기제품,엘앤에프,False
전기제품,이엠티,False
전기제품,이닉스,True
전기제품,성호전자,True
전기제품,이지트로닉스,True
전기제품,유진테크놀로지,True
전기제품,원익피앤이,True
전기제품,신성에스티,True
전기제품,캐리,True
기타,미래에셋 -2X 미국 자율주행대표기업 ETN,False
기타,삼성 레버리지 일본니케이225선물 ETN(H),False
기타,한투 레버리지일본니케이225선물 ETN(H),False
기타,KOSEF 미국방어배당성장나스닥,False
기타,대신 인버스 3X 국채30년 ETN,False
기타,메리츠 레버리지 대표 농산물 선물 ETN(H),False
기타,KB 레버리지 콩 선물 ETN,False
기타,미래에셋 인버스 코스닥150 선물 ETN,False
기타,하나 인버스 2X 코스닥150 선물 ETN,False
기타,ACE 일본TOPIX레버리지(H),False
기타,KODEX 아시아AI반도체exChina액티브,False
기타,ACE 차이나항셍테크,False
기타,KODEX 차이나메타버스액티브,False
기타,마이다스 일본테크액티브,False
기타,KODEX 미국스마트모빌리티S&P,False
기타,신한 인버스 2X WTI원유 선물 ETN(H),False
기타,TIGER 인도니프티50레버리지(합성),False
기타,미래에셋 -2X 미국 AI TOP3 ETN,False
기타,미래에셋 레버리지 옥수수 선물 ETN,False
기타,KB 레버리지 밀 선물 ETN,False
기타,한투 레버리지 구리 선물 ETN,False
기타,하나 레버리지 콩 선물 ETN(H),False
기타,삼성 인버스 2X 코스닥150 선물 ETN,False
기타,KOSEF 미국양자컴퓨팅,False
기타,TIGER 일본반도체FACTSET,False
기타,ACE 일본Nikkei225(H),False
기타,한투 일본니케이225선물 ETN(H),False
기타,신한 인버스 2X 코스닥 150 선물 ETN,False
기타,ACE 일본반도체,False
기타,KB 인버스 2X KOSDAQ 150 선물 ETN,False
기타,미래에셋 2X 미국채울트라30년 선물 ETN,False
기타,한투 인버스 2X 코스닥150선물 ETN,False
기타,PLUS 일본반도체소부장,False
기타,하나 S&P 인버스 2X WTI원유 선물 ETN,False
기타,RISE 팔라듐선물인버스(H),False
기타,TIGER 일본니케이225,False
기타,대신 인버스 2X 코스닥 150 선물 ETN,False
기타,KODEX 일본TOPIX100,False
기타,SOL 반도체후공정,False
기타,HANARO 반도체핵심공정주도주,False
기타,KB 레버리지 구리 선물 ETN(H),False
기타,한투 블룸버그 인버스 2X WTI원유 선물 ETN,False
기타,메리츠 블룸버그 인버스 2X WTI선물 ETN(H),False
기타,KB 일본 로보틱스 TOP 10 ETN,False
기타,신한 블룸버그 인버스 2X WTI원유 선물 ETN,False
기타,TIGER 차이나HSCEI,False
기타,삼성 블룸버그 인버스 2X WTI원유 선물 ETN,False
기타,KB S&P 인버스 2X WTI원유 선물 ETN,False
기타,TIGER S&P글로벌인프라(합성),False
기타,N2 레버리지 구리 선물 ETN(H),False
기타,한투 일본종합상사TOP5 ETN,False
기타,UNICORN SK하이닉스밸류체인액티브,False
기타,N2 S&P500 VIX S/T 선물 ETN D,False
기타,메리츠 대표 농산물 선물 ETN(H),False
기타,신한 레버리지 구리 선물 ETN,False
기타,미래에셋 인버스 2X 코스닥150 선물 ETN,False
기타,KB 인버스 2X 나스닥 100 ETN,False
기타,KODEX AI반도체핵심장비,False
기타,TIGER 차이나항셍25,False
기타,N2 블룸버그 -2X WTI원유선물 ETN,False
기타,KOSEF 글로벌퓨처모빌리티,False
기타,KODEX 인도Nifty50레버리지(합성),False
기타,한투 인버스2X 나스닥100 ETN B,False
기타,삼성 인버스 2X 나스닥 100 ETN,False
기타,KODEX 3대농산물선물(H),False
기타,삼성 레버리지 구리 선물 ETN(H),False
기타,메리츠 레버리지 구리 선물 ETN(H),False
기타,RISE 글로벌비만산업TOP2+,False
기타,TIGER 유로스탁스레버리지(합성 H),False
기타,ACE 인도시장대표BIG5그룹액티브,False
기타,KoAct 미국뇌질환치료제액티브,False
기타,삼성 미국 대형 가치주 ETN,False
기타,대신 밀 선물 ETN(H),False
기타,메리츠 인버스 2X 국채30년 ETN,False
기타,메리츠 미국채30년 ETN,False
기타,TIGER 반도체TOP10레버리지,False
기타,KB 인버스 2X S&P 500 선물 ETN,False
기타,미래에셋 레버리지 미국 방위산업 TOP3 ETN,False
기타,메리츠 3X 레버리지 미국채30년 ETN,False
기타,키움 레버리지 반도체TOP10 ETN,False
기타,에셋플러스 차이나일등기업포커스10액티브,False
기타,N2 인버스 레버리지 WTI원유 선물 ETN(H),False
기타,한투 레버리지 금 선물 ETN,False
기타,KODEX 멀티에셋하이인컴(H),False
기타,ACE AI반도체포커스,False
기타,TIMEFOLIO 글로벌우주테크&방산액티브,False
기타,한투 인버스 2X 유로스탁스50 ETN(H) B,False
기타,TIGER 리츠부동산인프라,False
기타,ACE KRX금현물,False
기타,TIGER 일본TOPIX(합성 H),False
기타,TIGER Fn반도체TOP10,False
기타,미래에셋 KRX금현물 Auto-KO-C 2810-01 ETN,False
기타,하나 레버리지 옥수수 선물 ETN(H),False
기타,미래에셋 인버스 2X 원유선물혼합 ETN(H),False
기타,삼성 KRX 금현물 ETN,False
기타,TIMEFOLIO 글로벌AI인공지능액티브,False
기타,신한 옥수수 선물 ETN(H),False
기타,한투 레버리지 은 선물 ETN,False
기타,KB 미국채 30년 ETN,False
기타,TIGER 한중반도체(합성),False
기타,삼성 항셍테크 ETN(H) B,False
기타,WON 미국우주항공방산,False
기타,ACE 글로벌빅파마,False
기타,한투 구리 선물 ETN,False
기타,KODEX 코스닥150선물인버스,False
기타,N2 미국달러 SOFR금리 플러스 ETN,False
기타,ACE 중국본토CSI300레버리지(합성),False
기타,TIGER AI반도체핵심공정,False
기타,삼성 레버리지 은 선물 ETN(H),False
기타,메리츠 3X 레버리지 미국채10년 ETN,False
기타,KOSEF 미국ETF산업STOXX,False
기타,메리츠 KAP 중국 위안화 ETN,False
기타,미래에셋 S&P 유럽탄소배출권 선물 ETN,False
기타,TIGER S&P글로벌헬스케어(합성),False
기타,RISE 2차전지TOP10인버스(합성),False
기타,HANARO 미국애그테크,False
기타,TIGER 차이나반도체FACTSET,False
기타,KODEX 글로벌비만치료제TOP2 Plus,False
기타,메리츠 인버스 3X 국채30년 ETN,False
기타,ACE 구글밸류체인액티브,False
기타,KODEX 반도체레버리지,False
기타,한투 인버스 나스닥100 ETN B,False
기타,TIGER 글로벌AI&로보틱스 INDXX,False
기타,신한 레버리지 금 선물 ETN,False
기타,RISE 코스닥150선물인버스,False
기타,SOL 미국테크TOP10인버스(합성),False
기타,KOSEF K-반도체북미공급망,False
기타,신한 인버스 브렌트원유 선물 ETN(H),False
기타,신한 인버스0.5X S&P500 VIX S/T선물 ETN,False
기타,삼성 인버스 코스닥 150 선물 ETN,False
기타,KoAct 글로벌AI&로봇액티브,False
기타,신한 인버스 코스닥 150 선물 ETN,False
기타,KoAct AI인프라액티브,False
기타,신한 레버리지 은 선물 ETN(H),False
기타,신한 미국달러 SOFR금리 플러스 ETN,False
기타,KB CSI 300 ETN,False
기타,KODEX 반도체,False
기타,삼성 인버스 2X WTI원유 선물 ETN,False
기타,KODEX 미국S&P500필수소비재,False
기타,HANARO Fn K-반도체,False
기타,KOSEF 글로벌전력반도체,False
기타,TIGER 반도체,False
기타,KOSEF 200선물인버스2X,False
기타,신한 인버스 2X S&P500 선물 ETN,False
기타,신한 레버리지 Russell 2000 ETN,False
기타,신한 S&P500 VIX S/T 선물 ETN D,False
기타,삼성 S&P500 VIX S/T 선물 ETN,False
기타,한투 블룸버그 인버스 2X 천연가스선물 ETN,False
기타,메리츠 레버리지 미국채30년 ETN(H),False
기타,삼성 인버스 2X S&P500 선물 ETN,False
기타,한투 인버스 0.5X S&P500 VIX S/T 선물 ETN,False
기타,TIGER 농산물선물Enhanced(H),False
기타,KB 레버리지 미국채 30년 ETN,False
기타,메리츠 미국채10년 ETN,False
기타,ACE 싱가포르리츠,False
기타,KOSEF KRX100,False
기타,KODEX 시스템반도체,False
기타,ACE 미국30년국채선물레버리지(합성 H),False
기타,KODEX 인도Nifty50,False
기타,SOL 미국AI전력인프라,False
기타,삼성 레버리지 항셍테크 ETN(H) B,False
기타,대신 S&P 인버스 2X 천연가스 선물 ETN,False
기타,KOSEF 코스닥150선물인버스,False
기타,PLUS 코스닥150선물인버스,False
기타,KOSEF 차이나A50커넥트MSCI,False
기타,TIGER 인도빌리언컨슈머,False
기타,ACE 미국친환경그린테마INDXX,False
기타,TIGER 미국30년국채스트립액티브(합성 H),False
기타,한투 인버스 2X S&P500 선물 ETN(H),False
기타,KB 레버리지 은 선물 ETN(H),False
기타,KODEX 차이나A50,False
기타,TIGER 글로벌사이버보안INDXX,False
기타,KODEX 한중전기차(합성),False
기타,KODEX 구리선물(H),False
기타,TIGER 인도니프티50,False
기타,신한 콩 선물 ETN(H),False
기타,KODEX 200선물인버스2X,False
기타,TIGER 미국달러선물레버리지,False
기타,KODEX 유럽명품TOP10 STOXX,False
기타,KOSEF 인도Nifty50(합성),False
기타,RISE 200선물인버스2X,False
기타,신한 구리 선물 ETN(H),False
기타,한투 금 선물 ETN,False
기타,한투 S&P500 VIX S/T 선물 ETN(H),False
기타,메리츠 KAP 레버리지 중국 위안화 ETN,False
기타,ACE 인버스,False
기타,RISE 비메모리반도체액티브,False
기타,TIGER 200선물인버스2X,False
기타,KODEX 미국나스닥100선물인버스(H),False
기타,ACE 베트남VN30(합성),False
기타,TIGER 차이나전기차SOLACTIVE,False
기타,TIGER 글로벌리튬&2차전지SOLACTIVE(합성),False
기타,신한 인버스 WTI원유 선물 ETN(H),False
기타,KODEX 차이나H레버리지(H),False
기타,TIGER 이머징마켓MSCI레버리지(합성 H),False
기타,PLUS 미국장기우량회사채,False
기타,TIGER 미국나스닥넥스트100,False
기타,ACE 미국30년국채엔화노출액티브(H),False
기타,TIGER 미국방산TOP10,False
기타,삼성 레버리지 금 선물 ETN(H),False
기타,TIGER 원유선물인버스(H),False
기타,TIGER 코스닥150선물인버스,False
기타,ACE 인도컨슈머파워액티브,False
기타,TIGER 유로스탁스배당30,False
기타,TIGER TSMC파운드리밸류체인,False
기타,미래에셋 인버스 2X 코스피200 선물 ETN,False
기타,RISE 차이나항셍테크,False
기타,PLUS 미국달러SOFR금리액티브(합성),False
기타,WON 반도체밸류체인액티브,False
기타,미래에셋 인도네시아 Top5 ETN,False
기타,한투 블룸버그 인도네시아 대표원자재 ETN,False
기타,메리츠 레버리지 은 선물 ETN(H),False
기타,TIGER 차이나항셍테크,False
기타,TIGER 유로스탁스50(합성 H),False
기타,PLUS 200선물인버스2X,False
기타,한투 일본 엔선물 ETN C,False
기타,미래에셋 -1.5X 천연가스 선물 ETN,False
기타,RISE 글로벌데이터센터리츠(합성),False
기타,히어로즈 글로벌리츠이지스액티브,False
기타,ACE 골드선물 레버리지(합성 H),False
기타,PLUS 미국배당증가성장주데일리커버드콜,False
기타,미래에셋 인버스 천연가스 선물 ETN(H),False
기타,미래에셋 레버리지 미국 제약 TOP3 ETN,False
기타,TIGER 200 IT,False
기타,KOSEF 미국달러선물레버리지,False
기타,KODEX IT,False
기타,KOSEF K-테크TOP10,False
기타,미래에셋 미국 방위산업 TOP3 ETN,False
기타,삼성 인버스 2X 천연가스 선물 ETN C,False
기타,메리츠 레버리지 미국채10년 ETN(H),False
기타,하나 블룸버그 -2X 천연가스 선물 ETN(H),False
기타,키움 INDXX 미국테크탑10 ETN,False
기타,TIGER 엔비디아미국채커버드콜밸런스(합성),False
기타,TIGER 금은선물(H),False
기타,HANARO 200선물인버스,False
기타,삼성 일본니케이225선물 ETN(H),False
기타,KODEX 미국클린에너지나스닥,False
기타,KB 레버리지 KRX 2차전지 K-뉴딜 ETN,False
기타,메리츠 인버스 2X 국채10년 ETN,False
기타,TIGER 구리실물,False
기타,RISE 미국30년국채커버드콜(합성),False
기타,HANARO 글로벌금채굴기업,False
기타,RISE 버크셔포트폴리오TOP10,False
기타,N2 레버리지 금 선물 ETN(H),False
기타,PLUS TDF2060액티브,False
기타,ACE 글로벌인컴TOP10 SOLACTIVE,False
기타,삼성 인버스 2X 코스피200 선물 ETN,False
기타,RISE 미국장기국채선물레버리지(합성 H),False
기타,PLUS K리츠,False
기타,PLUS 미국채30년액티브,False
기타,ACE 미국30년국채액티브,False
기타,KODEX 미국달러선물레버리지,False
기타,PLUS 미국대체투자Top10,False
기타,KODEX 미국ETF산업Top10 Indxx,False
기타,PLUS 글로벌HBM반도체,False
기타,ACE 애플밸류체인액티브,False
기타,KB 레버리지 금 선물 ETN(H),False
기타,KB 레버리지 항셍테크 선물 ETN(H) B,False
기타,KODEX 차이나H,False
기타,KODEX 콩선물(H),False
기타,RISE 차이나HSCEI(H),False
기타,KCGI 테크미디어텔레콤액티브,False
기타,미래에셋 인버스 원유선물혼합 ETN(H),False
기타,한투 인버스 2X 플래티넘 선물 ETN,False
기타,한투 S&P 인버스 2X 엔달러 선물 ETN(H),False
기타,RISE 미국고정배당우선증권 TR,False
기타,ACE 글로벌메타버스테크액티브,False
기타,히어로즈 리츠이지스액티브,False
기타,HANARO 글로벌생성형AI액티브,False
기타,SOL 미국30년국채액티브(H),False
기타,KODEX iShares미국하이일드액티브,False
기타,KB 인버스 2X 항셍테크 선물 ETN,False
기타,KODEX 한국대만IT프리미어,False
기타,TIGER 미국캐시카우100,False
기타,TIGER 코스닥150IT,False
기타,KODEX Top5PlusTR,False
기타,KOSEF 독일DAX,False
기타,ACE 미국500데일리타겟커버드콜(합성),False
기타,한투 레버리지 베트남 VN30 선물 ETN(H),False
기타,키움 미국달러선물 ETN,False
기타,KODEX 미국러셀2000(H),False
기타,KODEX 200롱코스닥150숏선물,False
기타,RISE 글로벌수소경제,False
기타,히어로즈 TDF2030액티브,False
기타,RISE KP달러채권액티브,False
기타,KODEX 인도타타그룹,False
기타,TIGER 인버스,False
기타,TIGER 미국채10년선물,False
기타,HANARO 글로벌워터MSCI(합성),False
기타,KODEX iShares미국투자등급회사채액티브,False
기타,삼성 인버스 코스피 200 선물 ETN,False
기타,메리츠 미국채30년 ETN(H),False
기타,ACE 필리핀MSCI(합성),False
기타,RISE IT플러스,False
기타,메리츠 레버리지 금 선물 ETN(H),False
기타,TIGER 금속선물(H),False
기타,RISE 유로스탁스50(H),False
기타,KB 인버스 2X KOSPI 200 선물 ETN,False
기타,KODEX 글로벌로봇(합성),False
기타,KODEX 200IT TR,False
기타,KODEX 삼성그룹,False
기타,TIGER 삼성그룹펀더멘털,False
기타,PLUS 미국단기회사채(AAA~A),False
기타,한투 은 선물 ETN,False
기타,TIGER 글로벌클라우드컴퓨팅INDXX,False
기타,TIGER 한중전기차(합성),False
기타,ACE 미국빅테크TOP7 Plus인버스(합성),False
기타,RISE 미국30년국채엔화노출(합성 H),False
기타,신한 인버스 2X 다우존스지수 선물 ETN(H),False
기타,한투 인버스 플래티넘 선물 ETN,False
기타,한투 레버리지 플래티넘 선물 ETN,False
기타,KODEX 아시아달러채권ESG플러스액티브,False
기타,신한 레버리지 미국달러 선물 ETN,False
기타,한투 플래티넘 선물 ETN,False
기타,KOSEF 미국달러선물,False
기타,PLUS 글로벌MSCI(합성 H),False
기타,RISE 국채선물5년추종인버스,False
기타,PLUS 글로벌수소&차세대연료전지,False
기타,TIGER 차이나전기차레버리지(합성),False
기타,RISE 미국30년국채액티브,False
기타,KB 인버스 천연가스 선물 ETN,False
기타,KOSEF 미국원유에너지기업,False
기타,미래에셋 미국 테크&반도체 TOP3 ETN,False
기타,KODEX 미국달러선물,False
기타,TIGER TOP10,False
기타,KODEX 미국10년국채선물,False
기타,TIGER 글로벌메타버스액티브,False
기타,PLUS TDF2050액티브,False
기타,ACE 미국30년국채액티브(H),False
기타,KODEX 미국30년국채타겟커버드콜(합성 H),False
기타,TIMEFOLIO 글로벌안티에이징바이오액티브,False
기타,RISE 일본섹터TOP4Plus,False
기타,TIGER 미국투자등급회사채액티브(H),False
기타,TIGER MSCI KOREA ESG리더스,False
기타,SOL AI반도체소부장,False
기타,KODEX iShares미국인플레이션국채액티브,False
기타,SOL 미국30년국채커버드콜(합성),False
기타,신한 금 선물 ETN(H),False
기타,TIGER 미국S&P500선물인버스(H),False
기타,ACE 미국빅테크7+데일리타겟커버드콜(합성),False
기타,메리츠 인버스 천연가스 선물 ETN(H),False
기타,RISE 글로벌테크놀로지(합성 H),False
기타,KODEX 삼성전자채권혼합,False
기타,KOSEF 차이나내수소비TOP CSI,False
기타,RISE 미국배당100데일리고정커버드콜,False
기타,미래에셋 인버스 코스피200 선물 ETN,False
기타,미래에셋 2X 미국 테크&반도체 TOP3 ETN,False
기타,RISE 200선물인버스,False
기타,TIGER 코스닥150바이오테크,False
기타,RISE 국채선물10년,False
기타,KODEX 인버스,False
기타,KOSEF 200선물인버스,False
기타,KODEX TDF2040액티브,False
기타,ACE 글로벌브랜드TOP10블룸버그,False
기타,삼성 금 선물 ETN(H),False
기타,KODEX 골드선물(H),False
기타,RISE 5G테크,False
기타,HANARO 글로벌탄소배출권선물ICE(합성),False
기타,RISE 국채선물3년,False
기타,RISE 중국본토CSI300,False
기타,대신 인버스 천연가스 선물 ETN(H) B,False
기타,TIGER 200IT레버리지,False
기타,RISE 국채선물5년추종,False
기타,SOL 차이나육성산업액티브(합성),False
기타,KODEX 차이나2차전지MSCI(합성),False
기타,TIGER 글로벌비만치료제TOP2Plus,False
기타,RISE ESG사회책임투자,False
기타,TIGER 미국배당다우존스타겟커버드콜1호,False
기타,RISE 글로벌리얼티인컴,False
기타,KODEX 은선물(H),False
기타,KODEX 미국S&P500에너지(합성),False
기타,RISE 글로벌주식분산액티브,False
기타,UNICORN 생성형AI강소기업액티브,False
기타,ACE 일라이릴리밸류체인,False
기타,KODEX 미국30년국채울트라선물(H),False
기타,PLUS 신흥국MSCI인버스(합성 H),False
기타,HANARO 미국S&P500,False
기타,KODEX 미국종합채권ESG액티브(H),False
기타,HANARO 글로벌신재생에너지MSCI(합성),False
기타,KODEX 미국30년국채액티브(H),False
기타,ACE 인도네시아MSCI(합성),False
기타,TIGER 골드선물(H),False
기타,RISE 삼성그룹Top3채권혼합,False
기타,HANARO Fn5G산업,False
기타,SOL 글로벌탄소배출권선물ICE(합성),False
기타,KODEX 미국배당커버드콜액티브,False
기타,KOSEF 미국S&P500,False
기타,메리츠 미국채10년 ETN(H),False
기타,PLUS TDF2030액티브,False
기타,RISE 미국단기투자등급회사채액티브,False
기타,메리츠 KAP 일본 엔화 ETN,False
기타,KODEX 차이나CSI300,False
기타,KODEX 200미국채혼합,False
기타,TIGER 미국배당다우존스,False
기타,KODEX 한국부동산리츠인프라,False
기타,ACE 중국본토CSI300,False
기타,TIGER 미국나스닥바이오,False
기타,ACE 미국달러SOFR금리(합성),False
기타,신한 S&P 레버리지 유로 선물 ETN(H),False
기타,미래에셋 미국 제약 TOP3 ETN,False
기타,삼성 미국 대형 가치주 ETN(H),False
기타,KODEX 차이나항셍테크,False
기타,KODEX 미국달러SOFR금리액티브(합성),False
기타,ACE 엔비디아밸류체인액티브,False
기타,ACE 삼성그룹섹터가중,False
기타,ACE 중국과창판STAR50,False
기타,RISE 글로벌자산배분액티브,False
기타,ACE 미국반도체데일리타겟커버드콜(합성),False
기타,한투 레버리지 유로스탁스50 ETN(H) B,False
기타,RISE 미국장기국채선물(H),False
기타,PLUS 글로벌AI,False
기타,TIGER 미국달러SOFR금리액티브(합성),False
기타,RISE 미국S&P배당킹,False
기타,RISE 대형고배당10TR,False
기타,ACE 미국달러단기채권액티브,False
기타,TIMEFOLIO 글로벌소비트렌드액티브,False
기타,삼성 은 선물 ETN(H),False
기타,메리츠 블룸버그 -2X 천연가스 선물 ETN(H),False
기타,KODEX S&P글로벌인프라(합성),False
기타,ACE 멕시코MSCI(합성),False
기타,HANARO 종합채권(AA-이상)액티브,False
기타,신한 은 선물 ETN(H),False
기타,TIGER 미국달러단기채권액티브,False
기타,RISE TDF2040액티브,False
기타,ACE 미국하이일드액티브(H),False
기타,BNK 온디바이스AI,False
기타,삼성 레버리지 China A50 선물 ETN(H),False
기타,KODEX 미국S&P바이오(합성),False
기타,KOSEF 글로벌전력GRID인프라,False
기타,SOL 미국배당미국채혼합50,False
기타,신한 인버스 다우존스지수 선물 ETN(H),False
기타,RISE 헬스케어채권혼합,False
기타,미래에셋 -2X 홍콩H 선물 ETN(H),False
기타,TIGER 라틴35,False
기타,KOSEF 코스피100,False
기타,KODEX WTI원유선물인버스(H),False
기타,HANARO 32-10 국고채액티브,False
기타,히어로즈 미국달러SOFR금리액티브(합성),False
기타,TIGER 미국30년국채커버드콜액티브(H),False
기타,메리츠 미국 인플레이션 국채 ETN(H),False
기타,SOL 차이나강소기업CSI500(합성 H),False
기타,TIGER 리츠부동산인프라채권TR KIS,False
기타,HANARO KAP초장기국고채,False
기타,SOL 차이나태양광CSI(합성),False
기타,PLUS 종합채권(AA-이상)액티브,False
기타,히어로즈 25-09 미국채권(AA-이상)액티브,False
기타,WON 한국부동산TOP3플러스,False
기타,KODEX 미국AI전력핵심인프라,False
기타,KODEX 종합채권(AA-이상)액티브,False
기타,ACE 2월만기자동연장회사채AA-이상액티브,False
기타,신한 인버스 2X 코스피 200 선물 ETN,False
기타,RISE 글로벌메타버스,False
기타,SOL 한국형글로벌플랫폼&메타버스액티브,False
기타,PLUS 국고채30년액티브,False
기타,TIGER 미국S&P500동일가중,False
기타,SOL 미국배당다우존스TR,False
기타,한투 S&P500 선물 ETN,False
기타,RISE 중기우량회사채,False
기타,KODEX 국채선물10년인버스,False
기타,TIGER 미국다우존스30,False
기타,ACE 국고채10년,False
기타,TIGER 차이나클린에너지SOLACTIVE,False
기타,KODEX TDF2030액티브,False
기타,SOL 미국배당다우존스,False
기타,ACE 글로벌AI맞춤형반도체,False
기타,ACE 미국부동산리츠(합성 H),False
기타,RISE 헬스케어,False
기타,ACE 종합채권(AA-이상)KIS액티브,False
기타,KODEX TDF2050액티브,False
기타,히어로즈 종합채권(AA-이상)액티브,False
기타,TIGER 일본엔선물,False
기타,KODEX 차이나과창판STAR50(합성),False
기타,KODEX 미국S&P500금융,False
기타,히어로즈 26-09 회사채(AA-이상)액티브,False
기타,SOL 초단기채권액티브,False
기타,TIGER 코리아테크액티브,False
기타,KODEX 선진국MSCI World,False
기타,RISE 국고채3년선물인버스,False
기타,RISE 국채선물10년인버스,False
기타,RISE 금융채액티브,False
기타,KODEX 유럽탄소배출권선물ICE(H),False
기타,SOL 유럽탄소배출권선물S&P(H),False
기타,KODEX 33-06 국고채액티브,False
기타,KODEX 25-11 회사채(A+이상)액티브,False
기타,KODEX 26-12 회사채(AA-이상)액티브,False
기타,ACE 5월만기자동연장회사채AA-이상액티브,False
기타,KODEX 25-11 은행채(AA-이상)PLUS액티브,False
기타,KODEX 미국배당다우존스타겟커버드콜,False
기타,미래에셋 천연가스 선물 ETN(H),False
기타,미래에셋 인도네시아 금속&에너지 Top5 ETN,False
기타,한투 베트남 VN30 선물 ETN(H),False
기타,KB 블룸버그 인버스2X 천연가스선물 ETN(H),False
기타,KOSEF 국고채3년,False
기타,KOSEF 국고채10년,False
기타,PLUS 선진국MSCI(합성 H),False
기타,PLUS 국채선물10년,False
기타,TIGER MSCI Korea TR,False
기타,KODEX 미국부동산리츠(H),False
기타,RISE 단기종합채권(AA-이상)액티브,False
기타,ACE 미국배당다우존스,False
기타,히어로즈 단기채권ESG액티브,False
기타,TIGER 투자등급회사채액티브,False
기타,SOL 국고채3년,False
기타,RISE 25-11 회사채(AA-이상)액티브,False
기타,RISE 머니마켓액티브,False
기타,SOL 유럽탄소배출권선물인버스ICE(H),False
기타,RISE 25-03 회사채(AA-이상)액티브,False
기타,1Q 차이나H(H),False
기타,N2 KIS CD금리투자 ETN,False
기타,메리츠 인버스 3X 미국채10년 ETN,False
기타,RISE 국고채3년,False
기타,TIGER 국채3년,False
기타,KOSEF 단기자금,False
기타,RISE 단기통안채,False
기타,TIGER 단기채권액티브,False
기타,KODEX 단기변동금리부채권액티브,False
기타,RISE KRX300,False
기타,TIGER CD금리투자KIS(합성),False
기타,SOL KIS단기통안채,False
기타,HANARO KOFR금리액티브(합성),False
기타,KODEX CD금리액티브(합성),False
기타,PLUS 국고채10년액티브,False
기타,PLUS 미국테크TOP10레버리지(합성),False
기타,1Q 단기금융채액티브,False
기타,1Q 25-08 회사채(A+이상)액티브,False
기타,WON 25-09 회사채(AA-이상)액티브,False
기타,TIGER CD1년금리액티브(합성),False
기타,1Q 머니마켓액티브,False
기타,RISE KOFR금리액티브(합성),False
기타,KODEX CD1년금리플러스액티브(합성),False
기타,RISE 25-06 은행채(AA+이상)액티브,False
기타,HANARO 머니마켓액티브,False
기타,SOL 26-12 회사채(AA-이상)액티브,False
기타,1Q CD금리액티브(합성),False
기타,TIGER CD금리플러스액티브(합성),False
기타,HK 26-12 회사채(AA-이상)액티브,False
기타,TIGER 26-04 회사채(A+이상)액티브,False
기타,KOSEF 통안채1년,False
기타,KODEX 단기채권,False
기타,TIGER 단기통안채,False
기타,PLUS 우량회사채50,False
기타,RISE 중장기국공채액티브,False
기타,KODEX KOFR금리액티브(합성),False
기타,ACE 단기채권알파액티브,False
기타,TIGER KOFR금리액티브(합성),False
기타,TIGER 25-10 회사채(A+이상)액티브,False
기타,히어로즈 CD금리액티브(합성),False
기타,SOL 25-09 회사채(AA-이상)액티브,False
기타,히어로즈 머니마켓액티브,False
기타,PLUS 머니마켓액티브,False
기타,ACE CD금리&초단기채권액티브,False
기타,KODEX 머니마켓액티브,False
기타,KODEX 25-12 은행채(AAA)액티브,False
기타,PLUS 국공채머니마켓액티브,False
기타,BNK 26-06 특수채(AAA이상)액티브,False
기타,ACE 국고채3년,False
기타,ACE 단기통안채,False
기타,RISE 단기국공채액티브,False
기타,PLUS KOFR금리,False
기타,WON 단기국공채액티브,False
기타,HANARO CD금리액티브(합성),False
기타,RISE CD금리액티브(합성),False
기타,RISE 국고채10년액티브,False
기타,SOL 머니마켓액티브,False
기타,TIGER 25-12 금융채(AA-이상),False
기타,SOL CD금리&머니마켓액티브,False
기타,신한 KOFR금리 ETN,False
기타,KODEX 국고채3년,False
기타,KODEX MSCI Korea,False
기타,TIGER 단기선진하이일드(합성 H),False
기타,KODEX 삼성그룹밸류,False
기타,KODEX 단기채권PLUS,False
기타,KODEX 퀄리티Plus,False
기타,KODEX 차이나심천ChiNext(합성),False
기타,ACE 러시아MSCI(합성),False
기타,KODEX MSCI밸류,False
기타,PLUS 단기채권액티브,False
기타,KODEX 최소변동성,False
기타,ACE 미국IT인터넷S&P(합성 H),False
기타,KODEX MSCI KOREA ESG유니버설,False
기타,FOCUS KRX300,False
기타,KODEX 국채선물3년인버스,False
기타,PLUS 국채선물3년,False
기타,TIGER 중장기국채,False
기타,ACE 200TR,False
기타,KODEX 멀티팩터,False
기타,HANARO 단기채권액티브,False
기타,HK 베스트일레븐액티브,False
기타,TIGER 글로벌자율주행&전기차SOLACTIVE,False
기타,PLUS 글로벌희토류&전략자원생산기업,False
기타,PLUS TDF2040액티브,False
기타,TIGER 글로벌멀티에셋TIF액티브,False
기타,RISE 글로벌원자력,False
기타,PLUS 애플채권혼합,False
기타,KODEX 한중반도체(합성),False
기타,RISE 미국달러SOFR금리액티브(합성),False
기타,TIGER 미국배당다우존스타겟커버드콜2호,False
기타,ACE 25-06 회사채(AA-이상)액티브,False
기타,마이티 26-09 특수채(AAA)액티브,False
기타,KODEX 국고채10년액티브,False
기타,HK 종합채권(AA-이상)액티브,False
기타,ACE 8월만기자동연장회사채AA-이상액티브,False
기타,TIGER 27-04회사채(A+이상)액티브,False
기타,KODEX 미국배당다우존스,False
기타,HANARO 25-12 은행채(AA+이상)액티브,False
기타,히어로즈 25-09 회사채(AA-이상)액티브,False
기타,WON 전단채플러스액티브,False
기타,파워 종합채권(AA-이상)액티브,False
기타,신한 다우존스지수 선물 ETN(H),False
기타,신한 달러인덱스 선물 ETN(H),False
기타,신한 인버스 달러인덱스 선물 ETN(H),False
기타,신한 인버스 옥수수 선물 ETN(H),False
기타,신한 인버스 코스피 200 선물 ETN,False
기타,신한 레버리지 10년 국채선물 ETN,False
기타,신한 인버스 2X 10년 국채선물 ETN,False
기타,신한 S&P 유로 선물 ETN(H),False
기타,신한 26-05 은행채(AAA) ETN,False
기타,신한 2X 26-05 은행채(AAA) ETN,False
기타,신한 26-05 공사채(AAA) ETN,False
기타,신한 2X 26-05 공사채(AAA) ETN,False
기타,신한 33-12 국고채 플러스 ETN,False
기타,대신 KAP 통안채 3개월 ETN,False
기타,대신 KAP 통안채 6개월 ETN,False
기타,미래에셋 코스피 양매도 5% OTM ETN,False
기타,미래에셋 -2X 미국채울트라30년 선물 ETN,False
기타,미래에셋 0.5X 코스피200 선물 ETN,False
기타,미래에셋 0.5X 코스닥150 선물 ETN,False
기타,삼성 China A50 선물 ETN(H),False
기타,삼성 미국 대형 성장주 ETN(H),False
기타,삼성 코스피 양매도 5% OTM ETN,False
기타,삼성 구리 선물 ETN(H),False
기타,삼성 코리아 밸류업 TR ETN,False
기타,삼성 미국다우존스 ETN,False
기타,삼성 레버리지 미국다우존스 선물 ETN,False
기타,삼성 인버스 2X 미국다우존스 선물 ETN,False
기타,N2 코스피 변동성 매칭형 양매도 ETN,False
기타,N2 iSelect 글로벌 EMP ETN(H),False
기타,N2 레버리지 은 선물 ETN(H),False
기타,N2 S&P500 버퍼10% 9월 ETN,False
기타,N2 iSelect-WG 그린에너지 ESG ETN,False
기타,N2 US 500 월간레버리지 ETN(H),False
기타,N2 S&P500 버퍼10% 3월 ETN(H),False
기타,N2 S&P500 버퍼10% 6월 ETN(H),False
기타,N2 S&P500 버퍼10% 12월 ETN(H),False
기타,N2 US 500 ETN(H),False
기타,N2 iSelect 배터리 재활용 Top10 ETN,False
기타,N2 선진국 1등주 ETN,False
기타,N2 월간 레버리지 선진국 1등주 ETN,False
기타,N2 레버리지 국채10년 ETN,False
기타,N2 레버리지 국채30년 ETN,False
기타,한투 코스피 양매도 5% OTM ETN,False
기타,한투 코스피 양매도 3% OTM ETN,False
기타,한투 FTSE100 ETN,False
기타,한투 인버스 은 선물 ETN,False
기타,한투 인버스 2X 금 선물 ETN,False
기타,한투 S&P 유럽탄소배출권 선물 ETN(H),False
기타,한투 KIS CD금리투자 ETN,False
기타,한투 레버리지 일본 엔선물 ETN C,False
기타,한투 레버리지국채30년 ETN,False
기타,한투 레버리지미국채30년 ETN,False
기타,한투 3X레버리지미국채30년 ETN,False
기타,KB Wise 분할매매 ETN,False
기타,KB S&P 유럽탄소배출권 선물 ETN(H),False
기타,KB CSI 500 ETN,False
기타,KB STAR 50 ETN,False
기타,KB 일본 컨슈머 TOP 10 ETN,False
기타,KB KIS CD금리투자 ETN,False
기타,KB 미국채 10년 ETN,False
기타,KB 레버리지 미국채 10년 ETN,False
기타,KB 레버리지 미국채 10년 선물 ETN,False
기타,KB 인버스 2X 미국채 10년 선물 ETN,False
기타,KB 코스닥 150 TR ETN,False
기타,메리츠 레버리지 인플레이션 국채 ETN,False
기타,메리츠 미국레버리지 인플레이션국채ETN(H),False
기타,메리츠 인버스 2X 금 선물 ETN(H),False
기타,메리츠 국채10년 ETN,False
기타,메리츠 인버스 국채10년 ETN,False
기타,메리츠 S&P 유럽탄소배출권 선물 ETN(H),False
기타,메리츠 CSI 300 ETN,False
기타,메리츠 STAR 50 ETN,False
기타,메리츠 인버스 미국채30년 ETN(H),False
기타,메리츠 국채3년 ETN,False
기타,메리츠 레버리지 국채3년 ETN,False
기타,메리츠 인버스 국채3년 ETN,False
기타,메리츠 인버스 2X 국채3년 ETN,False
기타,메리츠 국채5년 ETN,False
기타,메리츠 레버리지 국채5년 ETN,False
기타,메리츠 인버스 국채5년 ETN,False
기타,메리츠 인버스 2X 국채5년 ETN,False
기타,메리츠 3X 레버리지 국채3년 ETN,False
기타,메리츠 인버스 3X 국채3년 ETN,False
기타,메리츠 3X 레버리지 국채5년 ETN,False
기타,메리츠 인버스 3X 국채5년 ETN,False
기타,메리츠 KIS CD금리투자 ETN,False
기타,메리츠 KAP 통안채 6개월 ETN,False
기타,메리츠 KIS 통안채 1년 ETN,False
기타,메리츠 KAP 통안채 3개월 ETN,False
기타,메리츠 멕시코 페소화 ETN,False
기타,메리츠 레버리지 멕시코 페소화 ETN,False
기타,메리츠 인도 루피화 ETN,False
기타,메리츠 레버리지 인도 루피화 ETN,False
기타,하나 Solactive US Tech Top 10 ETN(H),False
기타,하나 -0.5X S&P500 VIX S/T 선물 ETN(H),False
기타,하나 CD금리투자 ETN,False
기타,키움 CD금리투자 ETN,False
기타,키움 2차전지산업 ETN,False
기타,키움 반도체TOP10 ETN,False
기타,KOSEF 물가채KIS,False
기타,SOL 종합채권(AA-이상)액티브,False
기타,KODEX 국채선물10년,False
기타,에셋플러스 글로벌대장장이액티브,False
기타,히어로즈 TDF2040액티브,False
기타,KoAct 글로벌기후테크인프라액티브,False
기타,1Q 현대차그룹채권(A+이상)&국고통안,False
기타,미래에셋 2X 홍콩H 선물 ETN,False
기타,메리츠 인버스 2X 미국채30년 ETN(H),False
기타,메리츠 인버스 3X 국채10년 ETN,False
기타,PLUS 코스피50,False
기타,RISE 주식혼합,False
기타,ACE 중장기국공채액티브,False
기타,TIGER 미국S&P500배당귀족,False
기타,ACE 미국S&P500채권혼합액티브,False
기타,PLUS 글로벌AI인프라,False
기타,메리츠 인버스 국채30년 ETN,False
기타,에셋플러스 코리아대장장이액티브,False
기타,TIGER 배당커버드콜액티브,False
기타,ACE 11월만기자동연장회사채AA-이상액티브,False
기타,신한 인버스 Russell 2000 ETN,False
기타,한투 인버스 베트남 VN30 선물 ETN(H),False
기타,메리츠 KAP 레버리지 일본 엔화 ETN,False
기타,KOSEF 블루칩,False
기타,TIGER 2차전지TOP10,False
기타,WON AI ESG액티브,False
기타,한투 나스닥 100 ETN,False
기타,KODEX K-뉴딜디지털플러스,False
기타,TIGER 차이나항셍테크레버리지(합성 H),False
기타,KOSEF K-2차전지북미공급망,False
기타,TIGER 미국MSCI리츠(합성 H),False
기타,KODEX 200ESG,False
기타,TIGER AI코리아그로스액티브,False
기타,TIGER 글로벌이노베이션액티브,False
기타,TIGER 미국나스닥100TR채권혼합Fn,False
기타,SOL 반도체전공정,False
기타,RISE V&S셀렉트밸류채권혼합,False
기타,TIGER 글로벌4차산업혁신기술(합성 H),False
기타,KODEX MSCI Korea TR,False
기타,TIGER 차이나바이오테크SOLACTIVE,False
기타,HANARO 미국메타버스iSelect,False
기타,HANARO 글로벌백신치료제MSCI,False
기타,WON 미국S&P500,False
기타,ACE 26-06 회사채(AA-이상)액티브,False
기타,SOL 미국AI반도체칩메이커,False
기타,신한 S&P 인버스 유로 선물 ETN(H),False
기타,삼성 S&P500 ETN,False
기타,RISE 미국S&P500,False
기타,히어로즈 TDF2050액티브,False
기타,1Q K200액티브,False
기타,KODEX 미국S&P500테크놀로지,False
기타,KoAct 코리아밸류업액티브,False
기타,RISE 채권혼합,False
기타,RISE 종합채권(A-이상)액티브,False
기타,ACE 미국나스닥100채권혼합액티브,False
기타,ACE 엔비디아채권혼합블룸버그,False
기타,TIGER 종합채권(AA-이상)액티브,False
기타,삼성 인버스 China A50 선물 ETN(H),False
기타,PLUS 미국다우존스고배당주(합성 H),False
기타,ACE 아시아TOP50S&P,False
기타,KODEX 미국S&P500TR,False
기타,ACE Fn5G플러스,False
기타,PLUS 미국S&P500,False
기타,신한 레버리지 다우존스지수 선물 ETN(H),False
기타,삼성 인버스 금 선물 ETN(H),False
기타,한투 인버스 유로스탁스50 ETN(H) C,False
기타,TIGER 200커버드콜,False
기타,마이다스 코스피액티브,False
기타,HANARO 200 TOP10,False
기타,TIGER 차이나CSI300,False
기타,KODEX 코스피100,False
기타,KODEX 일본부동산리츠(H),False
기타,KODEX 장기종합채권(AA-이상)액티브,False
기타,ACE ESG액티브,False
기타,KODEX Top10동일가중,False
기타,SOL 미국S&P500,False
기타,DAISHIN343 K200,False
기타,HANARO 글로벌반도체TOP10 SOLACTIVE,False
기타,KOSEF 코스닥글로벌,False
기타,신한 인버스 은 선물 ETN(H),False
기타,N2 인버스 레버리지 금 선물 ETN(H),False
기타,한투 인버스 금 선물 ETN,False
기타,TIGER 글로벌자원생산기업(합성 H),False
기타,HANARO MSCI Korea TR,False
기타,PLUS 일본엔화초단기국채(합성),False
기타,SOL 미국S&P500엔화노출(H),False
기타,삼성 인버스 0.5X S&P500 VIX S/T선물 ETN,False
기타,마이티 코스피100,False
기타,TIGER KEDI혁신기업ESG30,False
기타,KCGI 미국S&P500 TOP10,False
기타,RISE 코리아밸류업,False
기타,SOL 코리아밸류업TR,False
기타,KOSEF 국고채10년레버리지,False
기타,TIGER 코스피대형주,False
기타,TIGER 미국나스닥100커버드콜(합성),False
기타,KOSEF SK그룹대표주,False
기타,메리츠 인플레이션 국채 ETN,False
기타,KODEX 미국S&P500산업재(합성),False
기타,KODEX TRF3070,False
기타,TIGER 미국S&P500,False
기타,SOL 미국TOP5채권혼합40 Solactive,False
기타,HANARO 200,False
기타,HANARO 글로벌럭셔리S&P(합성),False
기타,ACE 미국S&P500,False
기타,SOL 국고채10년,False
기타,KODEX 코스닥글로벌,False
기타,KODEX 코스피대형주,False
기타,HANARO Fn K-뉴딜디지털플러스,False
기타,KOSEF 코리아밸류업,False
기타,PLUS 글로벌방산,False
기타,신한 S&P 인버스 2X 유로 선물 ETN(H),False
기타,RISE 200TR,False
기타,에셋플러스 글로벌영에이지액티브,False
기타,SOL 미국배당다우존스(H),False
기타,KODEX 미국S&P500경기소비재,False
기타,KOSEF 200,False
기타,RISE V&S셀렉트밸류,False
기타,TIMEFOLIO 코스피액티브,False
기타,SOL 미국S&P500ESG,False
기타,ACE 삼성그룹동일가중,False
기타,RISE 미국AI밸류체인TOP3Plus,False
기타,KODEX 미국30년국채울트라선물인버스(H),False
기타,HANARO 200TR,False
기타,RISE 200,False
기타,TIGER KTOP30,False
기타,RISE 코스피,False
기타,KODEX TRF7030,False
기타,KODEX ESG종합채권(A-이상)액티브,False
기타,RISE TDF2050액티브,False
기타,TIGER 미국S&P500타겟데일리커버드콜,False
기타,KODEX 200타겟위클리커버드콜,False
기타,메리츠 인버스 미국채10년 ETN(H),False
기타,PLUS 200TR,False
기타,SOL 미국500타겟커버드콜액티브,False
기타,삼성 레버리지 S&P500 선물 ETN,False
기타,KODEX 200,False
기타,KODEX WTI원유선물(H),False
기타,UNICORN R&D 액티브,False
기타,KODEX 미국S&P500(H),False
기타,RISE 미국빅데이터Top3채권혼합,False
기타,신한 인버스 금 선물 ETN(H),False
기타,신한 레버리지 S&P500 선물 ETN,False
기타,TREX 200,False
기타,TIGER 레버리지,False
기타,PLUS 미국S&P500(H),False
기타,RISE 중국MSCI China(H),False
기타,KOSEF 미국S&P500(H),False
기타,에셋플러스 글로벌일등기업포커스10액티브,False
기타,KODEX 미국AI테크TOP10타겟커버드콜,False
기타,RISE 우량업종대표주,False
기타,KODEX KRX300,False
기타,RISE 미국S&P500(H),False
기타,에셋플러스 글로벌다이나믹시니어액티브,False
기타,KODEX 미국S&P500커뮤니케이션,False
기타,RISE 미국반도체인버스(합성 H),False
기타,PLUS 미국S&P500성장주,False
기타,미래에셋 -0.5X S&P500 VIX S/T선물 ETN(H),False
기타,한투 S&P 엔달러 선물 ETN(H),False
기타,KODEX 배당성장채권혼합,False
기타,PLUS 심천차이넥스트(합성),False
기타,KCGI 스마트커머스액티브,False
기타,TIGER 미국S&P500TR(H),False
기타,ITF 200,False
기타,N2 블룸버그 2X 천연가스 선물 ETN(H),False
기타,PLUS 200,False
기타,KODEX 미국달러선물인버스,False
기타,KODEX 미국반도체MV,False
기타,TIGER 코리아밸류업,False
기타,TIGER 200,False
기타,TIGER 헬스케어,False
기타,KODEX 미국S&P500선물(H),False
기타,ACE 미국나스닥100,False
기타,KODEX 미국나스닥100TR,False
기타,PLUS 미국테크TOP10,False
기타,DAISHIN343 AI반도체&인프라액티브,False
기타,KODEX AI전력핵심설비,False
기타,N2 레버리지 S&P500 ETN,False
기타,키움 바이오TOP10 ETN,False
기타,ACE 200,False
기타,KODEX 미국메타버스나스닥액티브,False
기타,TIGER 미국필라델피아반도체레버리지(합성),False
기타,TIGER 미국S&P500선물(H),False
기타,KODEX 200TR,False
기타,ACE 마이크로소프트밸류체인액티브,False
기타,KODEX K-이노베이션액티브,False
기타,TIGER 미국테크TOP10타겟커버드콜,False
기타,삼성 나스닥 100 ETN,False
기타,한투 S&P 레버리지 엔달러 선물 ETN(H),False
기타,TIGER 차이나CSI300레버리지(합성),False
기타,PLUS 스마트베타Quality채권혼합,False
기타,KODEX 탄소효율그린뉴딜,False
기타,WON 대한민국국고채액티브,False
기타,KODEX 코리아밸류업,False
기타,미래에셋 코스피200 선물 ETN,False
기타,PLUS 코스피TR,False
기타,SOL 200 Top10,False
기타,KODEX 200액티브,False
기타,삼성 인버스 은 선물 ETN(H),False
기타,메리츠 3X 레버리지 국채10년 ETN,False
기타,TIGER 200 건설,False
기타,RISE 미국달러선물인버스,False
기타,WON 종합채권(AA-이상)액티브,False
기타,TIGER 미국필라델피아반도체나스닥,False
기타,HANARO 원자력iSelect,False
기타,KODEX 테슬라커버드콜채권혼합액티브,False
기타,SOL 미국AI소프트웨어,False
기타,삼성 미국 대형 성장주 ETN,False
기타,KODEX 보험,False
기타,KODEX 대만테크고배당다우존스,False
기타,삼성 블룸버그 WTI원유 선물 ETN,False
기타,RISE 중국본토대형주CSI100,False
기타,TIGER 차이나CSI300인버스(합성),False
기타,KODEX 미국S&P500배당귀족커버드콜(합성 H),False
기타,ACE 코스피,False
기타,TIGER 글로벌혁신블루칩TOP10,False
기타,RISE 200위클리커버드콜,False
기타,TIGER 탄소효율그린뉴딜,False
기타,ACE 글로벌자율주행액티브,False
기타,WON 미국빌리어네어,False
기타,TIGER 미국필라델피아AI반도체나스닥,False
기타,메리츠 국채30년 ETN,False
기타,TIGER 미국나스닥100ETF선물,False
기타,미래에셋 홍콩H 선물 ETN(H),False
기타,KB 천연가스 선물 ETN(H),False
기타,TIGER 미국나스닥100,False
기타,메리츠 KAP 인버스 2X 일본 엔화 ETN,False
기타,TIGER 코스피,False
기타,PLUS 미국나스닥테크,False
기타,SOL 미국나스닥100,False
기타,TIGER 바이오TOP10,False
기타,RISE 미국나스닥100,False
기타,KODEX 2차전지핵심소재10,False
기타,ACE 미국빅테크TOP7 Plus,False
기타,TRUSTON 주주가치액티브,False
기타,미래에셋 코스닥150 선물 ETN,False
기타,한투 블룸버그 WTI원유 선물 ETN,False
기타,키움 인버스 미국달러선물 ETN,False
기타,KODEX 미디어&엔터테인먼트,False
기타,KOSEF 200TR,False
기타,SOL KEDI메가테크액티브,False
기타,KoAct 미국천연가스인프라액티브,False
기타,KB 인버스 2X 금 선물 ETN(H),False
기타,PLUS 신흥국MSCI(합성 H),False
기타,TIGER 여행레저,False
기타,HANARO 탄소효율그린뉴딜,False
기타,KOSEF 미국블록버스터바이오테크의약품+,False
기타,TIGER 미국나스닥100타겟데일리커버드콜,False
기타,TIGER 글로벌AI인프라액티브,False
기타,PLUS 코스피,False
기타,PLUS 태양광&ESS,False
기타,한투 인버스 2X 은 선물 ETN,False
기타,HANARO 전력설비투자,False
기타,TIGER 미국S&P500레버리지(합성 H),False
기타,TIGER 200TR,False
기타,KODEX 코스피TR,False
기타,히어로즈 국고채30년액티브,False
기타,TIGER 글로벌온디바이스AI,False
기타,신한 인버스 2X 은 선물 ETN(H),False
기타,메리츠 인버스 2X 미국채10년 ETN(H),False
기타,TIGER 200커버드콜OTM,False
기타,SOL 200TR,False
기타,VITA 밸류알파액티브,False
기타,TIGER 글로벌AI액티브,False
기타,삼성 레버리지 코스피200 선물 ETN,False
기타,KOSEF 미국달러선물인버스,False
기타,HANARO Fn K-푸드,False
기타,신한 인버스 2X 금 선물 ETN,False
기타,메리츠 레버리지 국채10년 ETN,False
기타,키움 코스닥 150 TR ETN,False
기타,파워 200,False
기타,TIGER 2차전지테마,False
기타,KODEX 성장주,False
기타,TIMEFOLIO 미국S&P500액티브,False
기타,TIMEFOLIO Korea플러스배당액티브,False
기타,삼성 인버스 2X 금 선물 ETN(H),False
기타,KB 레버리지 KOSPI 200 선물 ETN,False
기타,키움 KPOP ETN,False
기타,VITA MZ소비액티브,False
기타,KODEX 미국나스닥100(H),False
기타,KODEX 53-09 국고채액티브,False
기타,KODEX 헬스케어,False
기타,TIGER 미국테크TOP10 INDXX,False
기타,TIGER 미국나스닥100TR(H),False
기타,SOL 국고채30년액티브,False
기타,1Q 코리아밸류업,False
기타,삼성 레버리지 KRX 2차전지 K-뉴딜 ETN,False
기타,N2 미국 IT TOP5 ETN(H),False
기타,KODEX 레버리지,False
기타,RISE 미국S&P원유생산기업(합성 H),False
기타,TIGER 200선물레버리지,False
기타,SOL 한국형글로벌반도체액티브,False
기타,RISE 미국반도체NYSE,False
기타,SOL 미국테크TOP10,False
기타,TIGER 미국AI빅테크10,False
기타,TIGER 미국AI빅테크10타겟데일리커버드콜,False
기타,KB 인버스 2X 은 선물 ETN(H),False
기타,TIGER 우선주,False
기타,RISE 고배당,False
기타,KODEX K-미래차액티브,False
기타,RISE 미국AI테크액티브,False
기타,KODEX 코스피,False
기타,KODEX 골드선물인버스(H),False
기타,KODEX KRX300레버리지,False
기타,ACE 코리아밸류업,False
기타,ACE 미국WideMoat동일가중,False
기타,KOSEF 코스닥150,False
기타,신한 인버스 2X Russell 2000 ETN,False
기타,PLUS ESG성장주액티브,False
기타,HANARO 코리아밸류업,False
기타,N2 인버스 레버리지 S&P500 ETN,False
기타,KODEX 200가치저변동,False
기타,PLUS 고배당주채권혼합,False
기타,KODEX TRF5050,False
기타,PLUS ESG가치주액티브,False
기타,마이티 다이나믹퀀트액티브,False
기타,HANARO 주주가치성장코리아액티브,False
기타,KODEX 미국S&P500유틸리티,False
기타,파워 코스피100,False
기타,KODEX 미국빅테크10(H),False
기타,SOL 한국형글로벌전기차&2차전지액티브,False
기타,삼성 레버리지 천연가스 선물 ETN C,False
기타,메리츠 천연가스 선물 ETN(H),False
기타,RISE 5대그룹주,False
기타,KODEX 운송,False
기타,KODEX K-메타버스액티브,False
기타,에셋플러스 글로벌플랫폼액티브,False
기타,RISE TDF2030액티브,False
기타,ACE 주주환원가치주액티브,False
기타,TIGER 미국AI반도체팹리스,False
기타,TIMEFOLIO 코리아밸류업액티브,False
기타,미래에셋 레버리지 코스피200 선물 ETN,False
기타,TIGER 소프트웨어,False
기타,RISE 200금융,False
기타,HANARO 코스닥150,False
기타,KODEX 국고채30년액티브,False
기타,KODEX 건설,False
기타,RISE 게임테마,False
기타,KOSEF 미국나스닥100(H),False
기타,히어로즈 미국성장기업30액티브,False
기타,KODEX 미국나스닥100데일리커버드콜OTM,False
기타,대신 S&P 2X 천연가스 선물 ETN B,False
기타,N2 코스피 200 TR ETN,False
기타,PLUS 주도업종,False
기타,KODEX 2차전지산업,False
기타,RISE KIS국고채30년Enhanced,False
기타,TIGER 2차전지TOP10레버리지,False
기타,KODEX 2차전지산업레버리지,False
기타,KB 레버리지 S&P 500 선물 ETN(H),False
기타,KODEX KTOP30,False
기타,RISE 차이나H선물인버스(H),False
기타,신한 WTI원유 선물 ETN(H),False
기타,신한 인버스 2X 미국달러 선물 ETN,False
기타,미래에셋 미국 AI TOP3 ETN,False
기타,RISE 미국장기국채선물인버스(H),False
기타,TIGER KRX300,False
기타,ACE 글로벌반도체TOP4 Plus SOLACTIVE,False
기타,RISE 미국AI밸류체인데일리고정커버드콜,False
기타,미래에셋 원유선물혼합 ETN(H),False
기타,TIGER 200 금융,False
기타,HANARO 200선물레버리지,False
기타,TIGER 차이나과창판STAR50(합성),False
기타,마이다스 중소형액티브,False
기타,TIGER MSCI KOREA ESG유니버설,False
기타,TIGER Fn신재생에너지,False
기타,SOL 금융지주플러스고배당,False
기타,KODEX 미국AI테크TOP10,False
기타,한투 레버리지 S&P500 선물 ETN(H),False
기타,메리츠 KAP 인버스 2X 중국 위안화 ETN,False
기타,KODEX MSCI EM선물(H),False
기타,FOCUS AI코리아액티브,False
기타,TIGER 증권,False
기타,KODEX 금융고배당TOP10타겟위클리커버드콜,False
기타,삼성 인버스 구리 선물 ETN(H),False
기타,KOSEF 200선물레버리지,False
기타,신한 코스피 200 TR ETN,False
기타,RISE 미국테크100데일리고정커버드콜,False
기타,삼성 코스피 200 TR ETN,False
기타,N2 인버스 레버리지 은 선물 ETN(H),False
기타,KODEX 은행,False
기타,KODEX 모멘텀Plus,False
기타,KODEX 기후변화솔루션,False
기타,ACE 라이프자산주주가치액티브,False
기타,키움 코스피 200 TR ETN,False
기타,TREX 펀더멘탈 200,False
기타,TIGER 경기방어채권혼합,False
기타,TIGER 미국테크TOP10 INDXX(H),False
기타,RISE 바이오TOP10액티브,False
기타,HANARO CAPEX설비투자iSelect,False
기타,TIGER 미국테크TOP10채권혼합,False
기타,TIGER 미국달러선물인버스2X,False
기타,KODEX 미국달러선물인버스2X,False
기타,N2 블룸버그 2X WTI원유선물 ETN,False
기타,RISE 200선물레버리지,False
기타,ACE 코스닥150,False
기타,KODEX 배당가치,False
기타,PLUS 코리아밸류업,False
기타,RISE 코리아금융고배당,False
기타,FOCUS ESG리더스,False
기타,KODEX 미국나스닥100선물(H),False
기타,RISE 내수주플러스,False
기타,KODEX K-로봇액티브,False
기타,TIGER LG그룹+펀더멘털,False
기타,RISE 글로벌농업경제,False
기타,KODEX 미국S&P500헬스케어,False
기타,삼성 레버리지 나스닥 100 ETN,False
기타,마이티 바이오시밀러&CDMO액티브,False
기타,TIGER 200 헬스케어,False
기타,PLUS 코스닥150,False
기타,TIGER BBIG,False
기타,KODEX 미국서학개미,False
기타,KODEX 기계장비,False
기타,TIGER 배당성장,False
기타,SOL KRX300,False
기타,KoAct 테크핵심소재공급망액티브,False
기타,KODEX 200 중소형,False
기타,RISE 코스닥150,False
기타,HANARO Fn전기&수소차,False
기타,BNK 미래전략기술액티브,False
기타,RISE 미국반도체NYSE(H),False
기타,신한 인버스 구리 선물 ETN(H),False
기타,TIGER 200 중공업,False
기타,KODEX 코스닥150롱코스피200숏선물,False
기타,KOSEF Fn유전자혁신기술,False
기타,삼성 인버스 2X 항셍테크 ETN(H) B,False
기타,WON 200,False
기타,메리츠 블룸버그 2X 천연가스선물 ETN(H) B,False
기타,TRUSTON 코리아밸류업액티브,False
기타,SOL KRX기후변화솔루션,False
기타,TIGER 2차전지소재Fn,False
기타,HANARO 200선물레버리지1.5X,False
기타,TIGER 200 산업재,False
기타,KODEX MSCI모멘텀,False
기타,HANARO 농업융복합산업,False
기타,SOL 의료기기소부장Fn,False
기타,대신 천연가스 선물 ETN(H),False
기타,대신 3X 레버리지 국채30년 ETN,False
기타,HANARO KRX300,False
기타,KODEX 200exTOP,False
기타,HK 200,False
기타,신한 인버스 2X 구리 선물 ETN,False
기타,PLUS 한화그룹주,False
기타,TIGER 코스닥150,False
기타,TIGER MKF배당귀족,False
기타,TIGER 국고채30년스트립액티브,False
기타,TIGER 은행고배당플러스TOP10,False
기타,KODEX 혁신기술테마액티브,False
기타,KODEX 경기소비재,False
기타,KoAct 배당성장액티브,False
기타,KODEX 미국테크1조달러기업포커스,False
기타,RISE 수소경제테마,False
기타,TIMEFOLIO K이노베이션액티브,False
기타,삼성 인버스 2X 은 선물 ETN(H),False
기타,한투 레버리지 나스닥100 ETN B,False
기타,TIGER 경기방어,False
기타,KODEX 코스닥150,False
기타,RISE 2차전지TOP10,False
기타,삼성 레버리지 WTI원유 선물 ETN,False
기타,한투 인버스 2X 베트남 VN30 선물 ETN(H),False
기타,TIGER 코스피고배당,False
기타,TIGER 코스피중형주,False
기타,RISE 중소형고배당,False
기타,ACE 원자력테마딥서치,False
기타,TIGER 은행,False
기타,KODEX 200동일가중,False
기타,RISE 메타버스,False
기타,키움 레버리지 바이오TOP10 ETN,False
기타,KODEX 고배당,False
기타,KODEX 배당성장,False
기타,TIGER 미국나스닥100레버리지(합성),False
기타,TIGER 원유선물Enhanced(H),False
기타,TIGER 코스닥글로벌,False
기타,메리츠 인버스 2X 은 선물 ETN(H),False
기타,TIMEFOLIO K바이오액티브,False
기타,PLUS S&P글로벌인프라,False
기타,KODEX 테슬라밸류체인FactSet,False
기타,신한 코스닥 150 TR ETN,False
기타,TIGER 중국소비테마,False
기타,ACE 레버리지,False
기타,PLUS 고배당주위클리커버드콜,False
기타,메리츠 인버스 3X 미국채30년 ETN,False
기타,ACE 일본TOPIX인버스(합성 H),False
기타,TIGER 200동일가중,False
기타,한투 레버리지 천연가스 선물 ETN B,False
기타,KODEX MSCI퀄리티,False
기타,삼성 인버스 2X 구리 선물 ETN(H),False
기타,메리츠 인버스 2X 구리 선물 ETN(H),False
기타,TIGER 의료기기,False
기타,ACE 2차전지&친환경차액티브,False
기타,PLUS 우주항공&UAM,False
기타,TIGER 퓨처모빌리티액티브,False
기타,PLUS 고배당주,False
기타,KoAct 바이오헬스케어액티브,False
기타,TIGER 200 에너지화학,False
기타,TIGER 모멘텀,False
기타,KODEX 미국나스닥100레버리지(합성 H),False
기타,PLUS 중형주저변동50,False
기타,신한 레버리지 코스피 200 선물 ETN,False
기타,삼성 코스닥 150 TR ETN,False
기타,RISE 글로벌클린에너지,False
기타,ACE 미국빅테크TOP7 Plus레버리지(합성),False
기타,HANARO 바이오코리아액티브,False
기타,한투 블룸버그 레버리지 WTI원유 선물 ETN,False
기타,TIGER 200커뮤니케이션서비스,False
기타,SOL 코스닥150,False
기타,KB 레버리지 나스닥 100 ETN,False
기타,KOSEF 미국달러선물인버스2X,False
기타,N2 전력인프라 Top5 ETN,False
기타,TIMEFOLIO 미국나스닥100액티브,False
기타,하나 S&P 레버리지 WTI원유 선물 ETN,False
기타,TIGER 200 경기소비재,False
기타,TIGER 200 생활소비재,False
기타,HANARO 고배당,False
기타,메리츠 블룸버그 레버리지 WTI선물 ETN(H),False
기타,HANARO Fn K-메타버스MZ,False
기타,삼성 블룸버그 레버리지 WTI원유 선물 ETN,False
기타,TIGER 현대차그룹+펀더멘털,False
기타,미래에셋 레버리지 원유선물혼합 ETN(H),False
기타,SOL 2차전지소부장Fn,False
기타,KOSEF 의료AI,False
기타,하나 Solactive 2X US Tech Top 10 ETN(H),False
기타,TIGER K게임,False
기타,KOSEF 글로벌AI반도체,False
기타,ACE Fn성장소비주도주,False
기타,한투 인버스 2X 구리 선물 ETN,False
기타,KB 블룸버그 레버리지 천연가스 선물 ETN,False
기타,에셋플러스 코리아플랫폼액티브,False
기타,KODEX K-친환경조선해운액티브,False
기타,RISE 팔라듐선물(H),False
기타,신한 블룸버그 2X 천연가스 선물 ETN,False
기타,PLUS 고배당저변동50,False
기타,TIGER 인터넷TOP10,False
기타,PLUS K방산,False
기타,ACE KPOP포커스,False
기타,신한 블룸버그 레버리지 WTI원유 선물 ETN,False
기타,키움 레버리지 2차전지산업 ETN,False
기타,TIGER KRX기후변화솔루션,False
기타,HANARO 코스닥150선물레버리지1.5X,False
기타,SOL 자동차TOP3플러스,False
기타,KODEX 에너지화학,False
기타,TIGER 게임TOP10,False
기타,BNK 2차전지양극재,False
기타,SOL K방산,False
기타,신한 브렌트원유 선물 ETN(H),False
기타,HANARO Fn골프테마,False
기타,TIGER 로우볼,False
기타,TIGER 우량가치,False
기타,HANARO K-뷰티,False
기타,KODEX 자동차,False
기타,KOSEF 고배당,False
기타,HANARO Fn K-게임,False
기타,HANARO Fn조선해운,False
기타,신한 레버리지 WTI원유 선물 ETN(H),False
기타,RISE 수출주,False
기타,HK S&P코리아로우볼,False
기타,KODEX 게임산업,False
기타,HANARO e커머스,False
기타,미래에셋 레버리지 미국 AI TOP3 ETN,False
기타,HANARO K-메디테크,False
기타,파워 고배당저변동성,False
기타,TIGER 화장품,False
기타,TIGER 지주회사,False
기타,N2 인버스 레버리지 구리 선물 ETN(H),False
기타,KB S&P 레버리지 WTI원유 선물 ETN(H),False
기타,RISE AI&로봇,False
기타,파워 K-주주가치액티브,False
기타,RISE 국채30년레버리지(합성),False
기타,SOL 조선TOP3플러스,False
기타,HANARO Fn친환경에너지,False
기타,하나 블룸버그 2X 천연가스 선물 ETN(H) B,False
기타,BNK 주주가치액티브,False
기타,ACE 미국주식베스트셀러,False
기타,KODEX 바이오,False
기타,RISE 코스닥150선물레버리지,False
기타,KB 레버리지 FANG 플러스 ETN(H),False
기타,RISE 창업투자회사,False
기타,KB 레버리지 KOSDAQ 150 선물 ETN,False
기타,SOL 자동차소부장Fn,False
기타,RISE 2차전지액티브,False
기타,KODEX K-신재생에너지액티브,False
기타,KODEX 증권,False
기타,미래에셋 1.5X 천연가스 선물 ETN,False
기타,메리츠 3X 레버리지 국채30년 ETN,False
기타,KODEX 필수소비재,False
기타,한투 인버스 2X 일본 엔선물 ETN,False
기타,메리츠 인버스 2X 대표 농산물 선물 ETN(H),False
기타,KOSEF 코스닥150선물레버리지,False
기타,미래에셋 미국 자율주행대표기업 ETN,False
기타,KB 인버스 2X 콩 선물 ETN,False
기타,PLUS 200선물레버리지,False
기타,한투 인버스일본니케이225선물 ETN(H),False
기타,RISE 200고배당커버드콜ATM,False
기타,KB 인버스 2X 구리 선물 ETN(H),False
기타,KB 인버스 2X 밀 선물 ETN,False
기타,TIGER Fn메타버스,False
기타,ACE 포스코그룹포커스,False
기타,삼성 레버리지 코스닥150 선물 ETN,False
기타,N2 월간 레버리지 코스피 200 선물 ETN,False
기타,신한 인버스 콩 선물 ETN(H),False
기타,RISE 컨택트대표,False
기타,메리츠 레버리지 국채30년 ETN,False
기타,키움 조선TOP10 ETN,False
기타,미래에셋 인버스 2X 옥수수 선물 ETN,False
기타,하나 레버리지 코스닥150 선물 ETN,False
기타,TIGER 우주방산,False
기타,TIGER 조선TOP10,False
기타,RISE KQ고배당,False
기타,UNICORN 포스트IPO액티브,False
기타,TIGER 200에너지화학레버리지,False
기타,KODEX 밸류Plus,False
기타,ACE 테슬라밸류체인액티브,False
기타,RISE 배터리 리사이클링,False
기타,TIGER 코스닥150 레버리지,False
기타,TIMEFOLIO K신재생에너지액티브,False
기타,TIGER 방송통신,False
기타,미래에셋 레버리지 코스닥150 선물 ETN,False
기타,KODEX 코스닥150레버리지,False
기타,HANARO 코스닥150선물레버리지,False
기타,TIGER 테슬라채권혼합Fn,False
기타,신한 레버리지 코스닥 150 선물 ETN,False
기타,하나 인버스 2X 옥수수 선물 ETN(H),False
기타,N2 코스닥 150 TR ETN,False
기타,HANARO Fn K-POP&미디어,False
기타,RISE 플랫폼테마,False
기타,N2 방위산업 Top5 ETN,False
기타,한투 레버리지 코스닥150선물 ETN,False
기타,TIMEFOLIO K컬처액티브,False
기타,대신 레버리지 코스닥 150 선물 ETN,False
기타,키움 레버리지 조선TOP10 ETN,False
기타,N2 월간 레버리지 방위산업 Top5 ETN,False
기타,하나 인버스 2X 콩 선물 ETN(H),False
기타,맵스리얼티1,False
기타,삼성 인버스 2X 일본니케이225선물 ETN(H),False
기타,TIGER 200 철강소재,False
기타,TIGER BBIG레버리지,False
기타,한투 3X레버리지국채30년 ETN,False
기타,N2 월간 레버리지 코스닥 150 선물 ETN,False
기타,한투 인버스2X일본니케이225선물 ETN(H),False
기타,미래에셋 2X 미국 자율주행대표기업 ETN,False
기타,한국ANKOR유전,False
기타,KODEX 철강,False
기타,한국패러랠,False
기타,TIGER 미디어컨텐츠,False
기타,KODEX 웹툰&드라마,False
통신장비,한국첨단소재,True
통신장비,코위버,True
통신장비,우리넷,True
통신장비,대한광통신,True
통신장비,아이씨티케이,True
통신장비,한울소재과학,True
통신장비,옵티시스,True
통신장비,더테크놀로지,True
통신장비,쏠리드,True
통신장비,기가레인,True
통신장비,오이솔루션,True
통신장비,에치에프알,True
통신장비,카티스,True
통신장비,휴림네트웍스,True
통신장비,유비쿼스홀딩스,True
통신장비,라닉스,True
통신장비,이노인스트루먼트,True
통신장비,로스웰,True
통신장비,하이트론,False
통신장비,주성코퍼레이션,False
통신장비,코셋,False
통신장비,코맥스,True
통신장비,에프알텍,True
통신장비,이노와이어리스,True
통신장비,알엔투테크놀로지,True
통신장비,인성정보,True
통신장비,자화전자,False
통신장비,에이스테크,True
통신장비,웨이브일렉트로,True
통신장비,피노,True
통신장비,RFHIC,True
통신장비,라이콤,True
통신장비,빛과전자,True
통신장비,케이엠더블유,True
통신장비,아이즈비전,True
통신장비,코콤,True
통신장비,파이오링크,True
통신장비,다산네트웍스,True
통신장비,삼지전자,True
통신장비,유비쿼스,True
통신장비,옵티코어,True
통신장비,센서뷰,True
통신장비,인텔리안테크,True
통신장비,AP위성,True
통신장비,아이크래프트,True
통신장비,CS,True
통신장비,현대에이치티,True
통신장비,중앙첨단소재,True
통신장비,쓰리에이로직스,True
통신장비,다보링크,True
통신장비,머큐리,True
통신장비,타이드,False
항공화물운송과물류,CJ대한통운,False
항공화물운송과물류,국보,False
항공화물운송과물류,로지스몬,False
항공화물운송과물류,한익스프레스,False
항공화물운송과물류,유수홀딩스,False
항공화물운송과물류,현대글로비스,False
항공화물운송과물류,동방,False
항공화물운송과물류,세방,False
항공화물운송과물류,한진,False
항공화물운송과물류,한솔로지스틱스,False
항공화물운송과물류,KCTC,False
항공화물운송과물류,코웰패션,True
항공화물운송과물류,삼일,True
항공화물운송과물류,세방우,False
양방향미디어와서비스,판도라티비,False
양방향미디어와서비스,탑코미디어,True
양방향미디어와서비스,레뷰코퍼레이션,True
양방향미디어와서비스,카카오,False
양방향미디어와서비스,캐리소프트,True
양방향미디어와서비스,키다리스튜디오,False
양방향미디어와서비스,SOOP,True
양방향미디어와서비스,NAVER,False
양방향미디어와서비스,메쎄이상,True
양방향미디어와서비스,핑거스토리,True
양방향미디어와서비스,FSN,True
양방향미디어와서비스,디어유,True
양방향미디어와서비스,미스터블루,True
양방향미디어와서비스,플리토,True
양방향미디어와서비스,THE E&M,True
양방향미디어와서비스,자이언트스텝,True
양방향미디어와서비스,이스트에이드,True
게임엔터테인먼트,드래곤플라이,True
게임엔터테인먼트,스타코링크,True
게임엔터테인먼트,시프트업,False
게임엔터테인먼트,밸로프,True
게임엔터테인먼트,크래프톤,False
게임엔터테인먼트,네오리진,True
게임엔터테인먼트,네오위즈홀딩스,True
게임엔터테인먼트,펄어비스,True
게임엔터테인먼트,애닉,True
게임엔터테인먼트,썸에이지,True
게임엔터테인먼트,액션스퀘어,True
게임엔터테인먼트,위메이드플레이,True
게임엔터테인먼트,액토즈소프트,True
게임엔터테인먼트,티쓰리,True
게임엔터테인먼트,넥슨게임즈,True
게임엔터테인먼트,위메이드,True
게임엔터테인먼트,조이시티,True
게임엔터테인먼트,카카오게임즈,True
게임엔터테인먼트,데브시스터즈,True
게임엔터테인먼트,넷마블,False
게임엔터테인먼트,미투온,True
게임엔터테인먼트,더블유게임즈,False
게임엔터테인먼트,컴투스홀딩스,True
게임엔터테인먼트,위메이드맥스,True
게임엔터테인먼트,고스트스튜디오,True
게임엔터테인먼트,네오위즈,True
게임엔터테인먼트,모비릭스,True
게임엔터테인먼트,플레이위드,True
게임엔터테인먼트,넵튠,True
게임엔터테인먼트,웹젠,True
게임엔터테인먼트,컴투스,True
게임엔터테인먼트,한빛소프트,True
게임엔터테인먼트,엠게임,True
게임엔터테인먼트,엔씨소프트,False
게임엔터테인먼트,아이톡시,True
게임엔터테인먼트,팡스카이,False
레저용장비와제품,볼빅,False
레저용장비와제품,이녹스,True
레저용장비와제품,ES큐브,True
레저용장비와제품,손오공,True
레저용장비와제품,삼천리자전거,True
레저용장비와제품,가이아코퍼레이션,False
레저용장비와제품,알톤,True
레저용장비와제품,갤럭시아에스엠,False
레저용장비와제품,삼익악기,False
레저용장비와제품,오로라,True
레저용장비와제품,브이씨,True
레저용장비와제품,골프존뉴딘홀딩스,True
레저용장비와제품,헝셩그룹,True
포장재,펌텍코리아,True
포장재,동원시스템즈,False
포장재,동원시스템즈우,False
포장재,한창제지,False
포장재,휴엠앤씨,True
포장재,NPC우,False
포장재,삼륭물산,True
포장재,승일,True
포장재,아세아제지,False
포장재,세림B&G,True
포장재,원림,False
포장재,리더스코스메틱,True
포장재,삼보판지,True
포장재,태림포장,False
포장재,삼화왕관,False
포장재,한국팩키지,True
포장재,대영포장,False
포장재,삼양패키징,False
포장재,NPC,False
포장재,한국수출포장,False
포장재,금비,False
포장재,엔에스엠,False
포장재,대림제지,True
포장재,신대양제지,False
포장재,율촌화학,False
포장재,대륙제관,True
포장재,신풍,False
무선통신서비스,SK텔레콤,False
무선통신서비스,LG유플러스,False
무선통신서비스,와이어블,True
전기장비,대원전선우,False
전기장비,가온전선,False
전기장비,대원전선,False
전기장비,LS ELECTRIC,False
전기장비,HD현대일렉트릭,False
전기장비,이비테크,False
전기장비,범한퓨얼셀,True
전기장비,썬테크,False
전기장비,선도전기,False
전기장비,이화전기,True
전기장비,KBI메탈,True
전기장비,광명전기,False
전기장비,일진전기,False
전기장비,효성중공업,False
전기장비,피앤씨테크,True
전기장비,SK시그넷,False
전기장비,서전기전,True
전기장비,LS에코에너지,False
전기장비,지투파워,True
전기장비,비츠로테크,True
전기장비,보성파워텍,True
전기장비,비나텍,True
전기장비,제일일렉트릭,True
전기장비,LS,False
전기장비,대한전선,False
전기장비,산일전기,False
전기장비,세명전기,True
전기장비,제룡산업,True
전기장비,제룡전기,True
전기장비,지엔씨에너지,True
전기장비,일진홀딩스,False
전문소매,포니링크,True
전문소매,모다이노칩,True
전문소매,한울BnC,True
전문소매,위니아에이드,True
전문소매,세기상사,False
전문소매,롯데하이마트,False
전자장비와기기,코셈,True
전자장비와기기,에스오에스랩,True
전자장비와기기,대보마그네틱,True
전자장비와기기,에스티큐브,True
전자장비와기기,파이버프로,True
전자장비와기기,파크시스템스,True
전자장비와기기,대덕전자,False
전자장비와기기,퓨런티어,True
전자장비와기기,카스,True
전자장비와기기,바이오스마트,True
전자장비와기기,아이디스,True
전자장비와기기,삼화전자,False
전자장비와기기,유일에너테크,True
전자장비와기기,동일기연,True
전자장비와기기,빛샘전자,True
전자장비와기기,포커스에이치엔에스,True
전자장비와기기,솔루엠,False
전자장비와기기,모아텍,True
전자장비와기기,삼화전기,False
전자장비와기기,뉴프렉스,True
전자장비와기기,세아메카닉스,True
전자장비와기기,코리아써우,False
전자장비와기기,에이엔피,False
전자장비와기기,대덕1우,False
전자장비와기기,심텍,True
전자장비와기기,대동전자,False
전자장비와기기,서울전자통신,True
전자장비와기기,상아프론테크,True
전자장비와기기,DGI,True
전자장비와기기,인바이오젠,False
전자장비와기기,노블엠앤비,True
전자장비와기기,펨트론,True
전자장비와기기,블루탑,False
전자장비와기기,시스웍,True
전자장비와기기,트루엔,True
전자장비와기기,대덕전자1우,False
전자장비와기기,태양3C,False
전자장비와기기,유니온커뮤니티,True
전자장비와기기,코리아써키트2우B,False
전자장비와기기,디에이피,True
전자장비와기기,코리아써키트,False
전자장비와기기,브이원텍,True
전자장비와기기,디에스케이,True
전자장비와기기,테이팩스,False
전자장비와기기,에이치시티,True
전자장비와기기,센코,True
전자장비와기기,인터엠,True
전자장비와기기,삼진엘앤디,True
전자장비와기기,인터플렉스,True
전자장비와기기,솔루스첨단소재1우,False
전자장비와기기,상신전자,True
전자장비와기기,대덕,False
전자장비와기기,슈프리마에이치큐,True
전자장비와기기,이브이첨단소재,True
전자장비와기기,에이프로,True
전자장비와기기,티에스아이,True
전자장비와기기,포인트모바일,True
전자장비와기기,슈프리마,True
전자장비와기기,에이텀,True
전자장비와기기,이수페타시스,False
전자장비와기기,삼성전기,False
전자장비와기기,백금T&A,True
전자장비와기기,광전자,False
전자장비와기기,하나기술,True
전자장비와기기,대주전자재료,True
전자장비와기기,비에이치,False
전자장비와기기,롯데에너지머티리얼즈,False
전자장비와기기,옴니시스템,True
전자장비와기기,한솔테크닉스,False
전자장비와기기,심텍홀딩스,True
전자장비와기기,엔시스,True
전자장비와기기,삼성전기우,False
전자장비와기기,탑머티리얼,True
전자장비와기기,윤성에프앤씨,True
전자장비와기기,엠투아이,True
전자장비와기기,필옵틱스,True
전자장비와기기,S&K폴리텍,True
전자장비와기기,고영,True
전자장비와기기,삼영에스앤씨,True
전자장비와기기,옵트론텍,True
전자장비와기기,자비스,True
전자장비와기기,솔루스첨단소재2우B,False
전자장비와기기,인콘,True
전자장비와기기,LG이노텍,False
전자장비와기기,태성,True
전자장비와기기,메가터치,True
전자장비와기기,세코닉스,True
전자장비와기기,남성,False
전자장비와기기,에이치엔에스하이텍,True
전자장비와기기,강원에너지,True
전자장비와기기,솔루스첨단소재,False
전자장비와기기,아이씨에이치,True
전자장비와기기,크린앤사이언스,True
전자장비와기기,소니드,True
전자장비와기기,엑스페릭스,True
전자장비와기기,현우산업,True
전자장비와기기,한울반도체,True
전자장비와기기,나노팀,True
전자장비와기기,와이제이링크,True
전자장비와기기,아이티엠반도체,True
전자장비와기기,이랜시스,True
전자장비와기기,디티앤씨,True
전자장비와기기,써니전자,False
전자장비와기기,에스텍,True
전자장비와기기,로보쓰리에이아이,False
전자장비와기기,LK삼양,True
전자장비와기기,화인써키트,True
전자장비와기기,에스에이엠티,True
생물공학,에피바이오텍,False
생물공학,지에프씨생명과학,False
생물공학,팬젠,True
생물공학,메디포스트,True
생물공학,압타머사이언스,True
생물공학,싸이토젠,True
생물공학,쎌바이오텍,True
생물공학,툴젠,True
생물공학,지아이이노베이션,True
생물공학,바이오솔루션,True
생물공학,무진메디,False
생물공학,큐로셀,True
생물공학,클리노믹스,True
생물공학,고바이오랩,True
생물공학,코아스템켐온,True
생물공학,파멥신,True
생물공학,크로넥스,False
생물공학,셀리버리,True
생물공학,제노텍,False
생물공학,펩트론,True
생물공학,제노포커스,True
생물공학,알테오젠,True
생물공학,에이비엘바이오,True
생물공학,진원생명과학,False
생물공학,메디톡스,True
생물공학,진매트릭스,True
생물공학,제넥신,True
생물공학,티앤알바이오팹,True
생물공학,네이처셀,True
생물공학,서린바이오,True
생물공학,오스코텍,True
생물공학,테고사이언스,True
생물공학,셀리드,True
생물공학,셀레믹스,True
생물공학,인바이츠바이오코아,False
생물공학,바이오니아,True
생물공학,아이진,True
생물공학,앱클론,True
생물공학,바이오에프디엔씨,True
생물공학,에스바이오메딕스,True
생물공학,헬릭스미스,True
생물공학,지니너스,True
생물공학,유바이오로직스,True
생물공학,신라젠,True
생물공학,파로스아이바이오,True
생물공학,농우바이오,True
생물공학,유틸렉스,True
생물공학,오리엔트바이오,False
생물공학,아시아종묘,True
생물공학,애니젠,True
생물공학,아미코젠,True
생물공학,와이바이오로직스,True
생물공학,휴젤,True
생물공학,강스템바이오텍,True
생물공학,디앤디파마텍,True
생물공학,코오롱티슈진,True
생물공학,큐라티스,True
생물공학,엑셀세라퓨틱스,True
생물공학,선바이오,True
생물공학,에스엘테라퓨틱스,False
생물공학,아퓨어스,False
증권,다올투자증권,False
증권,메리츠금융지주,False
증권,LS네트웍스,False
증권,부국증권,False
증권,대신증권우,False
증권,코리아에셋투자증권,True
증권,NH투자증권우,False
증권,유안타증권우,False
증권,부국증권우,False
증권,한국금융지주우,False
증권,대신증권2우B,False
증권,교보증권,False
증권,상상인증권,False
증권,다우기술,False
증권,NH투자증권,False
증권,미래에셋증권2우B,False
증권,유안타증권,False
증권,신영증권,False
증권,SK증권,False
증권,한화투자증권,False
증권,대신증권,False
증권,미래에셋증권,False
증권,유진투자증권,False
증권,케이프,True
증권,현대차증권,False
증권,미래에셋증권우,False
증권,한국금융지주,False
증권,LS증권,True
증권,한화투자증권우,False
증권,SK증권우,False
증권,유화증권,False
증권,다우데이타,True
증권,DB금융투자,False
증권,유화증권우,False
증권,한양증권우,False
증권,삼성증권,False
증권,키움증권,False
증권,한양증권,False
부동산,이스타코,False
부동산,신한글로벌액티브리츠,False
부동산,KB스타리츠,False
부동산,삼성FN리츠,False
부동산,이지스밸류리츠,False
부동산,SK리츠,False
부동산,디앤디플랫폼리츠,False
부동산,에이리츠,False
부동산,NH프라임리츠,False
부동산,마스턴프리미어리츠,False
부동산,미래에셋글로벌리츠,False
부동산,코람코라이프인프라리츠,False
부동산,신한알파리츠,False
부동산,코람코더원리츠,False
부동산,한화리츠,False
부동산,ESR켄달스퀘어리츠,False
부동산,미래에셋맵스리츠,False
부동산,롯데리츠,False
부동산,신한서부티엔디리츠,False
부동산,한국자산신탁,False
부동산,이지스레지던스리츠,False
부동산,제이알글로벌리츠,False
부동산,NH올원리츠,False
부동산,케이탑리츠,False
부동산,한국토지신탁,False
부동산,이리츠코크렙,False
부동산,SK디앤디,False
부동산,스타에스엠리츠,False
다각화된통신서비스,원포유,False
다각화된통신서비스,인스코비,False
다각화된통신서비스,KT,False
다각화된통신서비스,세종텔레콤,True
은행,제주은행,False
은행,KB금융,False
은행,카카오뱅크,False
은행,신한지주,False
은행,하나금융지주,False
은행,우리금융지주,False
은행,DGB금융지주,False
은행,JB금융지주,False
은행,상상인,True
은행,기업은행,False
은행,BNK금융지주,False
사무용전자제품,신도리코,False
제약,HLB제약,True
제약,휴온스글로벌,True
제약,경남제약,True
제약,비씨월드제약,True
제약,일동홀딩스,False
제약,에이치엘사이언스,True
제약,에이비온,True
제약,인벤티지랩,True
제약,메타케어,False
제약,HLB사이언스,False
제약,플럼라인생명과학,False
제약,SK바이오사이언스,False
제약,바이젠셀,True
제약,유유제약2우B,False
제약,카이노스메드,True
제약,퓨쳐켐,True
제약,조아제약,True
제약,네오이뮨텍,True
제약,JW중외제약2우B,False
제약,차백신연구소,True
제약,SK바이오팜,False
제약,HLB생명과학,True
제약,위더스제약,True
제약,애드바이오텍,True
제약,종근당바이오,False
제약,엔솔바이오사이언스,False
제약,안트로젠,True
제약,씨엔알리서치,True
제약,이글벳,True
제약,엔지켐생명과학,True
제약,동성제약,False
제약,빌리언스,True
제약,제일바이오,True
제약,화일약품,True
제약,비엘팜텍,True
제약,제넨바이오,True
제약,한국유니온제약,True
제약,광동헬스바이오,False
제약,대동고려삼,False
제약,텔콘RF제약,True
제약,경보제약,False
제약,파마리서치바이오,False
제약,메드팩토,True
제약,비피도,True
제약,휴온스,True
제약,프레스티지바이오로직스,True
제약,카이바이오텍,False
제약,모아라이프플러스,True
제약,일양약품우,False
제약,신풍제약,False
제약,아미노로직스,True
제약,휴메딕스,True
제약,코미팜,True
제약,프로젠,False
제약,AP헬스케어,True
제약,우진비앤지,True
제약,옵티팜,True
제약,코스맥스비티아이,False
제약,티움바이오,True
제약,HLB테라퓨틱스,True
제약,삼성바이오로직스,False
제약,에스티팜,True
제약,광동제약,False
제약,그린생명과학,True
제약,유유제약1우,False
제약,JW중외제약우,False
제약,보령,False
제약,영진약품,False
제약,퓨쳐메디신,False
제약,녹십자홀딩스2우,False
제약,하이텍팜,True
제약,한미약품,False
제약,동아쏘시오홀딩스,False
제약,유유제약,False
제약,CMG제약,True
제약,삼성제약,False
제약,브릿지바이오테라퓨틱스,True
제약,대웅제약,False
제약,일동제약,False
제약,한미사이언스,False
제약,신일제약,True
제약,에이프릴바이오,True
제약,테라젠이텍스,True
제약,대한약품,True
제약,에이프로젠,False
제약,에스씨엠생명과학,True
제약,서울제약,True
제약,에이프로젠바이오로직스,False
제약,한국파마,True
제약,에스엘에스바이오,True
제약,녹십자,False
제약,셀트리온,False
제약,대원제약,False
제약,국전약품,True
제약,지놈앤컴퍼니,True
제약,대봉엘에스,True
제약,아이큐어,True
제약,이수앱지스,True
제약,압타바이오,True
제약,한올바이오파마,False
제약,신풍제약우,False
제약,박셀바이오,True
제약,씨티씨바이오,True
제약,하나제약,False
제약,이연제약,False
제약,노바렉스,True
제약,대화제약,True
제약,일양약품,False
제약,휴럼,True
제약,신신제약,True
제약,드림씨아이에스,True
제약,중앙백신,True
제약,HK이노엔,True
제약,JW홀딩스,False
제약,환인제약,False
제약,대웅,False
제약,서흥,False
제약,대성미생물,True
제약,고려제약,True
제약,지엘팜텍,True
제약,프레스티지바이오파마,False
제약,JW생명과학,False
제약,부광약품,False
제약,종근당,False
제약,한독,False
제약,동화약품,False
제약,더블유에스아이,True
제약,동구바이오제약,True
제약,폴라리스AI파마,True
제약,유한양행우,False
제약,코스맥스엔비티,True
제약,유한양행,False
제약,팜젠사이언스,False
제약,유나이티드제약,False
제약,제일약품,False
제약,팜스빌,True
제약,콜마비앤에이치,True
제약,명문제약,False
제약,국제약품,False
제약,동국제약,True
제약,삼진제약,False
제약,진양제약,True
제약,큐리언트,True
제약,큐라클,True
제약,안국약품,True
제약,알리코제약,True
제약,종근당홀딩스,False
제약,바이넥스,True
제약,씨엑스아이,True
제약,동아에스티,False
제약,JW신약,True
제약,대한뉴팜,True
제약,진바이오텍,True
제약,JW중외제약,False
제약,코오롱생명과학,True
제약,올리패스,True
제약,녹십자웰빙,True
제약,삼일제약,False
제약,녹십자홀딩스,False
제약,뉴트리,True
제약,현대약품,False
제약,삼천당제약,True
제약,경동제약,True
제약,리가켐바이오,True
제약,일성아이에스,False
제약,삼아제약,True
제약,온코닉테라퓨틱스,True
제약,셀트리온제약,True
제약,셀비온,True
제약,알피바이오,True
제약,제일파마홀딩스,False
제약,보로노이,True
제약,듀켐바이오,True
제약,티디에스팜,True
제약,셀로맥스사이언스,True
제약,옵투스제약,True
제약,비보존 제약,True
제약,프롬바이오,True
제약,바스칸바이오제약,False
제약,안지오랩,False
제약,이엔셀,True
제약,샤페론,True
제약,현대ADM,True
제약,엠에프씨,True
판매업체,HLB글로벌,False
판매업체,플레이그램,False
판매업체,지어소프트,True
판매업체,서울옥션,True
판매업체,인크레더블버즈,True
판매업체,한국정보공학,True
판매업체,대명소노시즌,True
판매업체,케이옥션,True
판매업체,YW,True
판매업체,세우글로벌,False
손해보험,흥국화재우,False
손해보험,흥국화재,False
손해보험,코리안리,False
손해보험,삼성화재우,False
손해보험,DB손해보험,False
손해보험,롯데손해보험,False
손해보험,인카금융서비스,True
손해보험,삼성화재,False
손해보험,현대해상,False
손해보험,한화손해보험,False
손해보험,에이플러스에셋,False
기타금융,글로벌텍스프리,True
기타금융,메이슨캐피탈,True
기타금융,머니무브,False
기타금융,한국캐피탈,True
기타금융,푸른저축은행,True
IT서비스,케이씨에스,True
IT서비스,시큐센,True
IT서비스,아이티아이즈,True
IT서비스,인포뱅크,True
IT서비스,갤럭시아머니트리,True
IT서비스,카카오페이,False
IT서비스,정원엔시스,True
IT서비스,비츠로시스,True
IT서비스,콤텍시스템,False
IT서비스,오파스넷,True
IT서비스,가비아,True
IT서비스,율호,True
IT서비스,신세계 I&C,False
IT서비스,이루온,True
IT서비스,엔텔스,True
IT서비스,씨이랩,True
IT서비스,한국정보통신,True
IT서비스,웨이버스,True
IT서비스,버킷스튜디오,True
IT서비스,이트론,True
IT서비스,BF랩스,True
IT서비스,쿠콘,True
IT서비스,SBI핀테크솔루션즈,True
IT서비스,라피치,False
IT서비스,굿센,False
IT서비스,벨로크,True
IT서비스,쌍용정보통신,True
IT서비스,로지시스,True
IT서비스,현대오토에버,False
IT서비스,티사이언티픽,True
IT서비스,에스트래픽,True
IT서비스,크레오에스지,True
IT서비스,엠아이큐브솔루션,True
IT서비스,미래아이앤지,False
IT서비스,인스피언,True
IT서비스,틸론,False
IT서비스,삼성에스디에스,False
IT서비스,뱅크웨어글로벌,True
IT서비스,모코엠시스,True
IT서비스,이글루,True
IT서비스,소프트센,True
IT서비스,딥노이드,True
IT서비스,대아티아이,True
IT서비스,한네트,True
IT서비스,포스코DX,False
IT서비스,이노뎁,True
IT서비스,엠브레인,True
IT서비스,케이쓰리아이,True
IT서비스,다날,True
IT서비스,DB,False
IT서비스,핑거,True
IT서비스,헥토이노베이션,True
IT서비스,유디엠텍,True
IT서비스,브리지텍,True
IT서비스,헥토파이낸셜,True
IT서비스,인포바인,True
IT서비스,싸이버원,True
IT서비스,플래티어,True
IT서비스,한국정보인증,True
IT서비스,디지틀조선,True
IT서비스,유니포인트,False
IT서비스,데이타솔루션,True
IT서비스,케이웨더,True
IT서비스,나무기술,True
IT서비스,코나아이,True
IT서비스,비투엔,True
IT서비스,NHN,False
IT서비스,한국전자인증,True
IT서비스,아시아나IDT,False
IT서비스,한국전자금융,True
IT서비스,롯데이노베이트,False
IT서비스,케이엘넷,True
IT서비스,한솔인티큐브,True
IT서비스,솔트웨어,True
IT서비스,코닉오토메이션,True
IT서비스,이씨에스,True
IT서비스,이삭엔지니어링,True
IT서비스,원티드랩,True
IT서비스,티라유텍,True
IT서비스,소프트센우,True
IT서비스,마음AI,True
IT서비스,대신정보통신,True
IT서비스,에스넷,True
IT서비스,크라우드웍스,True
IT서비스,카페24,True
IT서비스,NICE,False
IT서비스,토마토시스템,True
IT서비스,케이아이엔엑스,True
IT서비스,KG모빌리언스,True
IT서비스,에프앤가이드,True
IT서비스,에이아이더뉴트리진,False
IT서비스,NHN KCP,True
IT서비스,비아이매트릭스,True
IT서비스,KG이니시스,True
IT서비스,데이터스트림즈,False
IT서비스,폴라리스AI,True
IT서비스,솔트룩스,True
IT서비스,링네트,True
IT서비스,에스피소프트,True
IT서비스,유엔젤,False
IT서비스,아티스트유나이티드,True
창업투자,큐캐피탈,True
창업투자,교보14호스팩,True
창업투자,미래에셋비전스팩1호,True
창업투자,미래에셋비전스팩5호,True
창업투자,유진스팩9호,True
창업투자,IBKS제22호스팩,True
창업투자,유안타제11호스팩,True
창업투자,비엔케이제2호스팩,True
창업투자,대신밸런스제18호스팩,True
창업투자,우리기술투자,True
창업투자,신한제14호스팩,True
창업투자,유진스팩11호,True
창업투자,하이제8호스팩,True
창업투자,유안타제10호스팩,True
창업투자,신한제13호스팩,True
창업투자,삼성스팩6호,True
창업투자,미래에셋비전스팩3호,True
창업투자,교보15호스팩,True
창업투자,KB제27호스팩,True
창업투자,한국제15호스팩,True
창업투자,상상인제4호스팩,True
창업투자,에이치엠씨제6호스팩,True
창업투자,엔에이치스팩30호,True
창업투자,하나26호스팩,True
창업투자,IBKS제24호스팩,True
창업투자,에스케이증권제11호스팩,True
창업투자,신영스팩8호,True
창업투자,에스케이증권제8호스팩,True
창업투자,엔에이치스팩26호,True
창업투자,엔에이치스팩27호,True
창업투자,신영스팩9호,True
창업투자,대신밸런스제17호스팩,True
창업투자,하나30호스팩,True
창업투자,유안타제13호스팩,True
창업투자,디비금융제13호스팩,True
창업투자,교보16호스팩,True
창업투자,하나금융25호스팩,True
창업투자,삼성스팩7호,True
창업투자,미래에셋드림스팩1호,True
창업투자,삼성스팩8호,True
창업투자,KB제29호스팩,True
창업투자,엔에이치스팩31호,True
창업투자,대신밸런스제19호스팩,True
창업투자,키움제11호스팩,True
창업투자,플루토스,True
창업투자,엠벤처투자,True
창업투자,신한제10호스팩,True
창업투자,엔에이치스팩23호,True
창업투자,케이비제21호스팩,True
창업투자,유안타제9호스팩,True
창업투자,IBKS제20호스팩,True
창업투자,교보13호스팩,True
창업투자,비엔케이제1호스팩,True
창업투자,미래에셋비전스팩2호,True
창업투자,키움제8호스팩,True
창업투자,하나27호스팩,True
창업투자,엔에이치스팩29호,True
창업투자,하나29호스팩,True
창업투자,하나28호스팩,True
창업투자,DB금융스팩11호,True
창업투자,대신밸런스제16호스팩,True
창업투자,한국제13호스팩,True
창업투자,신영스팩10호,True
창업투자,에스케이증권제12호스팩,True
창업투자,유안타제16호스팩,True
창업투자,KB제28호스팩,True
창업투자,미래에셋비전스팩6호,True
창업투자,KB제31호스팩,True
창업투자,에이치엠씨제7호스팩,True
창업투자,KB제30호스팩,True
창업투자,신한제11호스팩,True
창업투자,하나31호스팩,True
창업투자,하나34호스팩,True
창업투자,신한제15호스팩,True
창업투자,유안타제15호스팩,True
창업투자,이베스트스팩6호,True
창업투자,교보17호스팩,True
창업투자,키움제10호스팩,True
창업투자,엔에이치스팩24호,True
창업투자,엔에이치스팩25호,True
창업투자,대신밸런스제14호스팩,True
창업투자,IBKS제21호스팩,True
창업투자,한국제12호스팩,True
창업투자,하나32호스팩,True
창업투자,KB제25호스팩,True
창업투자,미래에셋비전스팩7호,True
창업투자,TS인베스트먼트,True
창업투자,미래에셋비전스팩4호,True
창업투자,대성창투,True
창업투자,유안타제12호스팩,True
창업투자,유안타제14호스팩,True
창업투자,한화플러스제4호스팩,True
창업투자,에스케이증권제13호스팩,True
창업투자,에스케이증권제10호스팩,True
창업투자,한국제14호스팩,True
창업투자,하나33호스팩,True
창업투자,컴퍼니케이,True
창업투자,DB금융스팩12호,True
창업투자,에스케이증권제9호스팩,True
창업투자,IBKS제23호스팩,True
창업투자,SBI인베스트먼트,True
창업투자,신한제12호스팩,True
창업투자,SV인베스트먼트,True
창업투자,KB제26호스팩,True
창업투자,키움제6호스팩,True
창업투자,키움제7호스팩,True
창업투자,유진스팩10호,True
창업투자,캡스톤파트너스,True
창업투자,스틱인베스트먼트,False
창업투자,DSC인베스트먼트,True
창업투자,미래에셋벤처투자,True
창업투자,HB인베스트먼트,True
창업투자,린드먼아시아,True
창업투자,LB인베스트먼트,True
창업투자,아주IB투자,True
창업투자,에이티넘인베스트,True
창업투자,삼성스팩9호,True
창업투자,스톤브릿지벤처스,True
창업투자,대신밸런스제15호스팩,True
창업투자,나우IB,True
디스플레이장비및부품,럭스피아,False
디스플레이장비및부품,엘리비젼,False
디스플레이장비및부품,금호전기,False
디스플레이장비및부품,파인텍,True
디스플레이장비및부품,피엔에이치테크,True
디스플레이장비및부품,서울바이오시스,True
디스플레이장비및부품,아이컴포넌트,True
디스플레이장비및부품,파인디앤씨,True
디스플레이장비및부품,서울반도체,True
디스플레이장비및부품,루켄테크놀러지스,False
디스플레이장비및부품,파인테크닉스,True
디스플레이장비및부품,풍원정밀,True
디스플레이장비및부품,소룩스,True
디스플레이장비및부품,프로이천,True
디스플레이장비및부품,엘엠에스,True
디스플레이장비및부품,에스켐,True
디스플레이장비및부품,제이스텍,True
디스플레이장비및부품,토비스,True
디스플레이장비및부품,예선테크,True
디스플레이장비및부품,베셀,True
디스플레이장비및부품,에이펙스인텍,False
디스플레이장비및부품,비아트론,True
디스플레이장비및부품,아이씨디,True
디스플레이장비및부품,포인트엔지니어링,True
디스플레이장비및부품,테크엔,False
디스플레이장비및부품,엘에이티,False
디스플레이장비및부품,클라우드에어,True
디스플레이장비및부품,에프엔에스테크,True
디스플레이장비및부품,와이투솔루션,False
디스플레이장비및부품,HB솔루션,True
디스플레이장비및부품,AP시스템,True
디스플레이장비및부품,디아이티,True
디스플레이장비및부품,힘스,True
디스플레이장비및부품,씨엔플러스,True
디스플레이장비및부품,우리엔터프라이즈,True
디스플레이장비및부품,동아엘텍,True
디스플레이장비및부품,신화인터텍,True
디스플레이장비및부품,아나패스,True
디스플레이장비및부품,유아이디,True
디스플레이장비및부품,아바텍,True
디스플레이장비및부품,핌스,True
디스플레이장비및부품,참엔지니어링,False
디스플레이장비및부품,엘디티,True
디스플레이장비및부품,루멘스,True
디스플레이장비및부품,코이즈,True
디스플레이장비및부품,디바이스이엔지,True
디스플레이장비및부품,위지트,True
디스플레이장비및부품,아이엘사이언스,True
디스플레이장비및부품,HB테크놀러지,True
디스플레이장비및부품,덕산네오룩스,True
디스플레이장비및부품,오성첨단소재,True
디스플레이장비및부품,야스,True
디스플레이장비및부품,아하,False
디스플레이장비및부품,이엠앤아이,True
디스플레이장비및부품,제이엠티,True
디스플레이장비및부품,우리바이오,True
디스플레이장비및부품,인지디스플레,True
디스플레이장비및부품,이엘피,True
디스플레이장비및부품,와이엠씨,True
디스플레이장비및부품,인베니아,True
디스플레이장비및부품,우리이앤엘,True
디스플레이장비및부품,영우디에스피,True
디스플레이장비및부품,신도기연,True
디스플레이장비및부품,이녹스첨단소재,True
디스플레이장비및부품,엔젯,True
디스플레이장비및부품,미래컴퍼니,True
디스플레이장비및부품,한켐,True
디스플레이장비및부품,톱텍,True
디스플레이장비및부품,선익시스템,True
디스플레이장비및부품,미래나노텍,True
디스플레이장비및부품,LX세미콘,False
디스플레이장비및부품,DMS,True
디스플레이장비및부품,에스에이티이엔지,True
디스플레이장비및부품,세진티에스,True
디스플레이장비및부품,한국컴퓨터,True
디스플레이장비및부품,나래나노텍,True
항공사,아시아나항공,False
항공사,진에어,False
항공사,티웨이항공,False
항공사,에어부산,False
항공사,한진칼,False
항공사,한진칼우,False
항공사,제주항공,False
항공사,대한항공우,False
항공사,대한항공,False
"섬유,의류,신발,호화품",지엔코,True
"섬유,의류,신발,호화품",미쥬,False
"섬유,의류,신발,호화품",화승엔터프라이즈,False
"섬유,의류,신발,호화품",토박스코리아,True
"섬유,의류,신발,호화품",코데즈컴바인,True
"섬유,의류,신발,호화품",크리스에프앤씨,True
"섬유,의류,신발,호화품",아가방컴퍼니,True
"섬유,의류,신발,호화품",영원무역홀딩스,False
"섬유,의류,신발,호화품",경방,False
"섬유,의류,신발,호화품",감성코퍼레이션,True
"섬유,의류,신발,호화품",신성통상,False
"섬유,의류,신발,호화품",조광피혁,False
"섬유,의류,신발,호화품",유니켐,False
"섬유,의류,신발,호화품",전방,False
"섬유,의류,신발,호화품",도부,False
"섬유,의류,신발,호화품",엠에프엠코리아,True
"섬유,의류,신발,호화품",쌍방울,False
"섬유,의류,신발,호화품",이앤에치,False
"섬유,의류,신발,호화품",이스트아시아홀딩스,True
"섬유,의류,신발,호화품",대원화성,False
"섬유,의류,신발,호화품",애머릿지,True
"섬유,의류,신발,호화품",DI동일,False
"섬유,의류,신발,호화품",BYC,False
"섬유,의류,신발,호화품",씨싸이트,True
"섬유,의류,신발,호화품",LF,False
"섬유,의류,신발,호화품",케이엠,True
"섬유,의류,신발,호화품",씨앤투스,True
"섬유,의류,신발,호화품",폴라리스우노,True
"섬유,의류,신발,호화품",더네이쳐홀딩스,True
"섬유,의류,신발,호화품",대현,False
"섬유,의류,신발,호화품",F&F홀딩스,False
"섬유,의류,신발,호화품",에스티오,True
"섬유,의류,신발,호화품",BYC우,False
"섬유,의류,신발,호화품",F&F,False
"섬유,의류,신발,호화품",SG세계물산,False
"섬유,의류,신발,호화품",패션플랫폼,True
"섬유,의류,신발,호화품",휴비스,False
"섬유,의류,신발,호화품",성안머티리얼스,False
"섬유,의류,신발,호화품",윙스풋,True
"섬유,의류,신발,호화품",진도,False
"섬유,의류,신발,호화품",화승인더,False
"섬유,의류,신발,호화품",일신방직,False
"섬유,의류,신발,호화품",디케이앤디,True
"섬유,의류,신발,호화품",백산,False
"섬유,의류,신발,호화품",좋은사람들,True
"섬유,의류,신발,호화품",제이에스티나,True
"섬유,의류,신발,호화품",TBH글로벌,False
"섬유,의류,신발,호화품",한세실업,False
"섬유,의류,신발,호화품",방림,False
"섬유,의류,신발,호화품",대한방직,False
"섬유,의류,신발,호화품",휠라홀딩스,False
"섬유,의류,신발,호화품",삼양통상,False
"섬유,의류,신발,호화품",이월드,False
"섬유,의류,신발,호화품",한세엠케이,False
"섬유,의류,신발,호화품",비비안,False
"섬유,의류,신발,호화품",TP,False
"섬유,의류,신발,호화품",아즈텍WB,True
"섬유,의류,신발,호화품",신영와코루,False
"섬유,의류,신발,호화품",영원무역,False
"섬유,의류,신발,호화품",덕성,False
"섬유,의류,신발,호화품",덕성우,False
"섬유,의류,신발,호화품",그리티,True
"섬유,의류,신발,호화품",공구우먼,True
"섬유,의류,신발,호화품",인디에프,False
"섬유,의류,신발,호화품",효성티앤씨,False
"섬유,의류,신발,호화품",신세계인터내셔날,False
"섬유,의류,신발,호화품",배럴,True
"섬유,의류,신발,호화품",에코마케팅,True
"섬유,의류,신발,호화품",한섬,False
"섬유,의류,신발,호화품",호전실업,False
"섬유,의류,신발,호화품",제이에스코퍼레이션,False
"섬유,의류,신발,호화품",노브랜드,True
"섬유,의류,신발,호화품",형지I&C,True
"섬유,의류,신발,호화품",브랜드엑스코퍼레이션,True
"섬유,의류,신발,호화품",에스제이그룹,True
"섬유,의류,신발,호화품",원풍물산,True
"섬유,의류,신발,호화품",까스텔바작,True
"섬유,의류,신발,호화품",윌비스,False
"섬유,의류,신발,호화품",한세예스24홀딩스,False
"섬유,의류,신발,호화품",온타이드,False
"섬유,의류,신발,호화품",폰드그룹,True
"섬유,의류,신발,호화품",동인기연,False
"섬유,의류,신발,호화품",신원,False
"섬유,의류,신발,호화품",형지엘리트,False
문구류,모나미,False
화학,씨앗,False
화학,파미셀,False
화학,GRT,True
화학,에스폴리텍,True
화학,SK케미칼,False
화학,진양화학,False
화학,티케이케미칼,True
화학,국도화학,False
화학,나노브릭,True
화학,누보,True
화학,LG화학우,False
화학,이화산업,False
화학,원익머트리얼즈,True
화학,진양산업,False
화학,카프로,False
화학,대한유화,False
화학,나노캠텍,True
화학,아셈스,True
화학,나노,True
화학,대유,True
화학,풍국주정,True
화학,포스코퓨처엠,False
화학,엔피케이,True
화학,켐트로닉스,True
화학,한일화학,True
화학,동남합성,False
화학,LG화학,False
화학,와이엠티,True
화학,나노씨엠에스,True
화학,동성화인텍,True
화학,미원에스씨,False
화학,태광산업,False
화학,SK케미칼우,False
화학,아모그린텍,True
화학,육일씨엔에쓰,True
화학,원익큐브,True
화학,상보,True
화학,대한화섬,False
화학,케이피엠테크,True
화학,DL우,False
화학,미원상사,False
화학,쎄노텍,True
화학,롯데케미칼,False
화학,영보화학,False
화학,BGF,False
화학,송원산업,False
화학,진양폴리,False
화학,미창석유,False
화학,나노신소재,True
화학,한국알콜,True
화학,한솔케미칼,False
화학,케이디켐,True
화학,태경케미컬,False
화학,효성오앤비,True
화학,경농,False
화학,코스모신소재,False
화학,스타플렉스,True
화학,KBG,True
화학,AK홀딩스,False
화학,레이크머티리얼즈,True
화학,금양,False
화학,후성,False
화학,석경에이티,True
화학,에코앤드림,True
화학,와이오엠,True
화학,씨큐브,True
화학,PI첨단소재,False
화학,진양홀딩스,False
화학,한농화성,False
화학,레몬,True
화학,롯데정밀화학,False
화학,미원홀딩스,False
화학,금호석유,False
화학,이수화학,False
화학,미원화학,False
화학,에스제이켐,False
화학,성보화학,False
화학,대정화금,True
화학,코스모화학,False
화학,경인양행,False
화학,진영,True
화학,동방아그로,False
화학,유니드,False
화학,SH에너지화학,False
화학,남해화학,False
화학,백광산업,False
화학,DS단석,False
화학,SKC,False
화학,삼영,False
화학,한국석유,False
화학,오공,True
화학,에코프로,True
화학,KCI,True
화학,인바이오,True
화학,HRS,True
화학,효성화학,False
화학,삼영무역,False
화학,KPX홀딩스,False
화학,조비,False
화학,동성케미컬,False
화학,WISCOM,False
화학,OCI,False
화학,KPX케미칼,False
화학,DL,False
화학,이수스페셜티케미컬,False
화학,금호석유우,False
화학,에어레인,True
화학,삼양홀딩스,False
화학,삼양홀딩스우,False
화학,애경케미칼,False
화학,TKG휴켐스,False
화학,원풍,True
화학,HS효성첨단소재,False
화학,그린케미칼,False
화학,코오롱ENP,False
화학,코오롱인더우,False
화학,OCI홀딩스,False
화학,코오롱인더,False
화학,한국쉘석유,False
화학,켐트로스,True
화학,웹스,True
컴퓨터와주변기기,우리로,True
컴퓨터와주변기기,씨아이테크,False
컴퓨터와주변기기,청호ICT,False
컴퓨터와주변기기,앱코,True
컴퓨터와주변기기,잉크테크,True
컴퓨터와주변기기,에이텍,True
컴퓨터와주변기기,에이루트,True
컴퓨터와주변기기,제이씨현시스템,True
컴퓨터와주변기기,피씨디렉트,True
컴퓨터와주변기기,케이씨티,True
컴퓨터와주변기기,푸른기술,True
컴퓨터와주변기기,아이디스홀딩스,True
컴퓨터와주변기기,엠젠솔루션,True
컴퓨터와주변기기,아이디피,True
컴퓨터와주변기기,에이텍모빌리티,True
컴퓨터와주변기기,주연테크,False
컴퓨터와주변기기,하이퍼코퍼레이션,True
컴퓨터와주변기기,파커스,True
컴퓨터와주변기기,딜리,True
컴퓨터와주변기기,에스유홀딩스,True
컴퓨터와주변기기,오픈베이스,True
컴퓨터와주변기기,빅솔론,True
컴퓨터와주변기기,디지아이,True
전자제품,앤씨앤,True
전자제품,씨앤에스링크,False
전자제품,KH 미래물산,True
전자제품,에이디칩스,True
전자제품,가온그룹,True
전자제품,팅크웨어,True
전자제품,다산솔루에타,True
전자제품,삼진,True
전자제품,경인전자,False
전자제품,LG전자,False
전자제품,아남전자,False
전자제품,LG전자우,False
전자제품,유비벨록스,True
전자제품,휴맥스,True
전자제품,휴먼테크놀로지,True
전자제품,TJ미디어,True
전자제품,파인디지털,True
전자제품,휴맥스홀딩스,True
전자제품,알로이스,True
철강,영흥,False
철강,신스틸,True
철강,CS홀딩스,False
철강,한국특강,False
철강,동일스틸럭스,True
철강,한일철강,False
철강,코나솔,False
철강,조선선재,False
철강,대한제강,False
철강,유에스티,True
철강,만호제강,False
철강,쎄니트,True
철강,대양금속,False
철강,대호특수강우,True
철강,화인베스틸,False
철강,세아제강지주,False
철강,세아홀딩스,False
철강,대동스틸,True
철강,POSCO홀딩스,False
철강,동국S&C,True
철강,광진실업,True
철강,동일제강,False
철강,아주스틸,False
철강,고려제강,False
철강,현대제철,False
철강,세아제강,False
철강,동양철관,False
철강,동일산업,False
철강,휴스틸,False
철강,대호특수강,True
철강,동국씨엠,False
철강,금강철강,True
철강,동양에스텍,True
철강,원일특강,True
철강,TCC스틸,False
철강,세아베스틸지주,False
철강,하이스틸,False
철강,SHD,False
철강,부국철강,False
철강,동국홀딩스,False
철강,한국선재,True
철강,포스코엠텍,True
철강,대창스틸,True
철강,동국산업,True
철강,문배철강,False
철강,KG스틸,False
철강,DSR제강,False
철강,경남스틸,True
철강,제이스코홀딩스,True
철강,동국제강,False
철강,삼현철강,True
철강,한국주강,False
철강,한국주철관,False
철강,세아특수강,False
철강,KISCO홀딩스,False
철강,넥스틸,False
철강,한국철강,False
자동차,코오롱모빌리티그룹우,False
자동차,코오롱모빌리티그룹,False
자동차,CNH,True
자동차,KG모빌리티,False
자동차,현대차2우B,False
자동차,현대차3우B,False
자동차,현대차,False
자동차,현대차우,False
자동차,KR모터스,False
자동차,기아,False
자동차,KG에코솔루션,True
자동차,케이카,False
자동차,엘브이엠씨홀딩스,False
자동차,KG케미칼,False
자동차,도이치모터스,True
도로와철도운송,쏘카,False
도로와철도운송,동양고속,False
도로와철도운송,유성티엔에스,True
도로와철도운송,천일고속,False
도로와철도운송,롯데렌탈,False
도로와철도운송,레드캡투어,True
도로와철도운송,AJ네트웍스,False
담배,KT&G,False
건설,웰크론,True
건설,일성건설,False
건설,CNT85,True
건설,셀루메드,True
건설,신세계건설,False
건설,플래스크,True
건설,길교이앤씨,False
건설,관악산업,False
건설,이화공영,True
건설,엄지하우스,False
건설,KH 건설,True
건설,금호건설,False
건설,HDC랩스,False
건설,동부건설우,False
건설,진흥기업우B,False
건설,삼일기업공사,True
건설,우진아이엔에스,False
건설,HDC,False
건설,삼성E&A,False
건설,동아지질,False
건설,현대건설우,False
건설,국보디자인,True
건설,서희건설,True
건설,현대건설,False
건설,HDC현대산업개발,False
건설,하이드로리튬,True
건설,대원,True
건설,한성크린텍,True
건설,KD,True
건설,GS건설,False
건설,코오롱글로벌,False
건설,특수건설,True
건설,삼부토건,False
건설,계룡건설,False
건설,DL이앤씨우,False
건설,웰크론한텍,True
건설,남화토건,True
건설,성도이엔지,True
건설,진흥기업,False
건설,LS마린솔루션,True
건설,DL이앤씨2우(전환),False
건설,우원개발,True
건설,코오롱글로벌우,False
건설,자이에스앤디,False
건설,에쓰씨엔지니어링,False
건설,진흥기업2우B,False
건설,까뮤이앤씨,False
건설,스페코,True
건설,DL이앤씨,False
건설,제이오,True
건설,서한,True
건설,KCC건설,True
건설,HL D&I,False
건설,태영건설,False
건설,동신건설,True
건설,상지건설,True
건설,대우건설,False
건설,남광토건,False
건설,동부건설,False
건설,한국종합기술,False
건설,삼호개발,False
건설,금호건설우,False
건설,한양이엔지,True
건설,한미글로벌,False
건설,SGC E&C,True
건설,HS화성,False
건설,신원종합개발,True
건설,도화엔지니어링,False
건설,일진파워,True
건설,금화피에스시,True
건설,동원개발,True
건설,범양건영,False
건설,태영건설우,False
건설,아이에스동서,False
건설,한신공영,False
건설,HJ중공업,False
건설,희림,True
건설,유신,True
건설,퀀텀온,True
건설,세보엠이씨,True
복합기업,LX홀딩스1우,False
복합기업,롯데지주우,False
복합기업,두산,False
복합기업,LG우,False
복합기업,CJ우,False
복합기업,CJ,False
복합기업,삼성물산우B,False
복합기업,LG,False
복합기업,CJ4우(전환),False
복합기업,두산우,False
복합기업,SK스퀘어,False
복합기업,현대지에프홀딩스,False
복합기업,삼성물산,False
복합기업,한화우,False
복합기업,두산2우B,False
복합기업,LX홀딩스,False
복합기업,한화3우B,False
복합기업,코오롱우,False
복합기업,HS효성,False
복합기업,SK네트웍스,False
복합기업,한화,False
복합기업,코오롱,False
복합기업,롯데지주,False
복합기업,KX,True
복합기업,효성,False
디스플레이패널,비덴트,True
디스플레이패널,일진디스플,False
디스플레이패널,LG디스플레이,False
디스플레이패널,코텍,True
식품,큐로홀딩스,True
식품,농심,False
식품,서울식품우,False
식품,크라운제과우,False
식품,체리부로,True
식품,남양유업,False
식품,대산F&B,True
식품,동원수산,False
식품,크라운해태홀딩스우,False
식품,동원산업,False
식품,현대사료,True
식품,남양유업우,False
식품,한탑,True
식품,풀무원,False
식품,동우팜투테이블,True
식품,오리온,False
식품,케이씨피드,True
식품,현대그린푸드,False
식품,삼양식품,False
식품,하림,True
식품,윙입푸드,True
식품,샘표,False
식품,매일홀딩스,True
식품,마니커,False
식품,CJ제일제당 우,False
식품,조흥,False
식품,우성,False
식품,사조산업,False
식품,한국맥널티,True
식품,푸드웰,True
식품,사조씨푸드,False
식품,대한제당우,False
식품,한성기업,False
식품,선진,False
식품,에이치피오,True
식품,동서,False
식품,대한제분,False
식품,오뚜기,False
식품,이지바이오,True
식품,크라운제과,False
식품,SPC삼립,False
식품,푸드나무,True
식품,빙그레,False
식품,서울식품,False
식품,노브메타파마,False
식품,CJ제일제당,False
식품,신라에스지,True
식품,농심홀딩스,False
식품,크라운해태홀딩스,False
식품,하림지주,True
식품,롯데웰푸드,False
식품,사조동아원,False
식품,대주산업,True
식품,마니커에프앤지,True
식품,보락,False
식품,매일유업,True
식품,삼양사,False
식품,오에스피,True
식품,오리온홀딩스,False
식품,대상홀딩스우,False
식품,인산가,True
식품,우리손에프앤지,True
식품,대상홀딩스,False
식품,미래생명자원,True
식품,교촌에프앤비,False
식품,메지온,True
식품,팜스토리,True
식품,대한제당,False
식품,대상우,False
식품,사조오양,False
식품,한일사료,True
식품,씨알푸드,False
식품,대상,False
식품,동원F&B,False
식품,삼양사우,False
식품,에스앤디,True
식품,CJ씨푸드1우,False
식품,팜스코,False
식품,엠에스씨,True
식품,샘표식품,False
식품,신라교역,False
식품,해태제과식품,False
식품,이지홀딩스,True
식품,고려산업,False
식품,우듬지팜,True
식품,사조대림,False
식품,정다운,True
식품,CJ씨푸드,False
식품,우양,True
석유와가스,제이엔케이글로벌,True
석유와가스,SK디스커버리우,False
석유와가스,이아이디,False
석유와가스,세원이앤씨,False
석유와가스,바이온,True
석유와가스,대성산업,False
석유와가스,SK우,False
석유와가스,SK이노베이션우,False
석유와가스,SK,False
석유와가스,SK이노베이션,False
석유와가스,S-Oil,False
석유와가스,S-Oil우,False
석유와가스,흥구석유,True
석유와가스,GS우,False
석유와가스,SK디스커버리,False
석유와가스,에스아이리소스,True
석유와가스,GS,False
석유와가스,HD현대,False
석유와가스,중앙에너비스,True
석유와가스,리드코프,True
석유와가스,극동유화,False
생명과학도구및서비스,아이빔테크놀로지,True
생명과학도구및서비스,디엔에이링크,True
생명과학도구및서비스,올릭스,True
생명과학도구및서비스,DXVX,True
생명과학도구및서비스,HLB바이오스텝,True
생명과학도구및서비스,HLB파나진,True
생명과학도구및서비스,메디젠휴먼케어,False
생명과학도구및서비스,바이오인프라생명과학,False
생명과학도구및서비스,우정바이오,True
생명과학도구및서비스,퀀타매트릭스,True
생명과학도구및서비스,큐라켐,False
생명과학도구및서비스,EDGC,True
생명과학도구및서비스,얼라인드,True
생명과학도구및서비스,엔케이맥스,True
생명과학도구및서비스,지더블유바이텍,True
생명과학도구및서비스,큐러블,False
생명과학도구및서비스,랩지노믹스,True
생명과학도구및서비스,소마젠,True
생명과학도구및서비스,CG인바이츠,True
생명과학도구및서비스,일신바이오,True
생명과학도구및서비스,디티앤씨알오,True
생명과학도구및서비스,나노엔텍,True
생명과학도구및서비스,엑세스바이오,True
생명과학도구및서비스,CJ 바이오사이언스,True
생명과학도구및서비스,마크로젠,True
생명과학도구및서비스,아이엠비디엑스,True
생명과학도구및서비스,토모큐브,True
생명과학도구및서비스,휴마시스,True
생명과학도구및서비스,대한과학,True
생명과학도구및서비스,바디텍메드,True
생명과학도구및서비스,씨젠,True
생명과학도구및서비스,바이오인프라,True
생명과학도구및서비스,큐리옥스바이오시스템즈,True
생명과학도구및서비스,피씨엘,True
생명과학도구및서비스,바이오톡스텍,True
생명과학도구및서비스,인트론바이오,True
생명과학도구및서비스,피엔케이피부임상연구센타,True
생명과학도구및서비스,프리시젼바이오,True
생명과학도구및서비스,엔젠바이오,True
생명과학도구및서비스,온코크로스,True
생명과학도구및서비스,오상헬스케어,True
가정용기기와용품,경동나비엔,False
가정용기기와용품,새로닉스,True
가정용기기와용품,위니아,True
가정용기기와용품,코웨이,False
가정용기기와용품,오텍,True
가정용기기와용품,부방,True
가정용기기와용품,하츠,True
가정용기기와용품,피코그램,True
가정용기기와용품,신일전자,False
가정용기기와용품,쿠쿠홈시스,False
가정용기기와용품,엔바이오니아,True
가정용기기와용품,위닉스,True
가정용기기와용품,한독크린텍,True
가정용기기와용품,스톰테크,True
가정용기기와용품,파세코,True
가정용기기와용품,자이글,True
가정용기기와용품,신성델타테크,True
가정용기기와용품,쿠쿠홀딩스,False
가정용기기와용품,에브리봇,True
가정용기기와용품,PN풍년,True
건강관리업체및서비스,차바이오텍,True
건강관리업체및서비스,유투바이오,True
건강관리업체및서비스,푸른소나무,True
건강관리업체및서비스,네오펙트,True
건강관리업체및서비스,서울리거,True
건강관리업체및서비스,블루엠텍,True
건강관리업체및서비스,지씨셀,True
건강관리업체및서비스,에이치이엠파마,True
건강관리업체및서비스,케이바이오,True
건강관리업체및서비스,케어랩스,True
건강관리업체및서비스,케어젠,True
건강관리업체및서비스,신테카바이오,True
건축제품,오션인더블유,True
건축제품,대림통상,False
건축제품,뉴보텍,True
건축제품,금강공업우,False
건축제품,삼목에스폼,True
건축제품,와토스코리아,True
건축제품,TKG애강,True
건축제품,프럼파스트,True
건축제품,금강공업,False
건축제품,대림B&Co,False
건축제품,제일테크노스,True
건축제품,베노티앤알,True
건축제품,국영지앤엠,True
출판,예림당,True
출판,웅진,False
출판,아시아경제,True
출판,디앤씨미디어,True
출판,밀리의서재,True
출판,삼성출판사,False
출판,와이랩,True
우주항공과국방,아이쓰리시스템,True
우주항공과국방,한화인더스트리얼솔루션즈,False
우주항공과국방,기산텔레콤,True
우주항공과국방,타임기술,False
우주항공과국방,탈로스,False
우주항공과국방,비유테크놀러지,True
우주항공과국방,휴센텍,True
우주항공과국방,휴니드,False
우주항공과국방,빅텍,True
우주항공과국방,아스트,True
우주항공과국방,이노스페이스,True
우주항공과국방,하이즈항공,True
우주항공과국방,한화에어로스페이스,False
우주항공과국방,우리기술,True
우주항공과국방,퍼스텍,False
우주항공과국방,LIG넥스원,False
우주항공과국방,루미르,True
우주항공과국방,한국항공우주,False
우주항공과국방,쎄트렉아이,True
우주항공과국방,제노코,True
우주항공과국방,켄코아에어로스페이스,True
우주항공과국방,코츠테크놀로지,True
우주항공과국방,RF머트리얼즈,True
우주항공과국방,웨이비스,True
우주항공과국방,컨텍,True
우주항공과국방,한화시스템,False
우주항공과국방,RF시스템즈,True
우주항공과국방,엠앤씨솔루션,False
조선,삼영이엔씨,True
조선,KS인더스트리,True
조선,STX엔진,False
조선,대양전기공업,True
조선,한국카본,False
조선,HD현대마린솔루션,False
조선,HD현대미포,False
조선,한화엔진,False
조선,케이에스피,True
조선,삼영엠텍,True
조선,세진중공업,False
조선,일승,True
조선,HD현대마린엔진,False
조선,HD한국조선해양,False
조선,오리엔탈정공,True
조선,한화오션,False
조선,삼성중공업,False
조선,인화정공,True
조선,HD현대중공업,False
조선,메디콕스,True
조선,동방선기,True
조선,현대힘스,True
조선,한라IMS,True
조선,에스앤더블류,True
기계,로보티즈,True
기계,삼미금속,False
기계,유일로보틱스,True
기계,클로봇,True
기계,뉴로메카,True
기계,엔케이,False
기계,하이젠알앤엠,True
기계,우진플라임,False
기계,기신정기,False
기계,협진,True
기계,화천기계,False
기계,티에스넥스젠,True
기계,에쎈테크,True
기계,대동기어,True
기계,광림,True
기계,KIB플러그에너지,False
기계,조광ILI,True
기계,테라사이언스,True
기계,수성웹툰,True
기계,이엠코리아,True
기계,대주이엔티,False
기계,에이비프로바이오,True
기계,씨메스,True
기계,수산중공업,False
기계,부스타,True
기계,한신기계,False
기계,에스에프에이,True
기계,대창솔루션,True
기계,3S,True
기계,에이치케이,True
기계,에스엠코어,True
기계,HD현대인프라코어,False
기계,TPC,True
기계,HD현대건설기계,False
기계,씨에스베어링,True
기계,동일금속,True
기계,대성하이텍,True
기계,다원시스,True
기계,신진에스엠,True
기계,에너토크,True
기계,대모,True
기계,알에스오토메이션,True
기계,현대로템,False
기계,서암기계공업,True
기계,두산에너빌리티,False
기계,우림피티에스,True
기계,한선엔지니어링,True
기계,로보스타,True
기계,TYM,False
기계,현대에버다임,True
기계,아세아텍,True
기계,레인보우로보틱스,True
기계,케이엔솔,True
기계,넥스턴바이오,True
기계,에이테크솔루션,True
기계,화성밸브,True
기계,케이피에프,True
기계,나라엠앤디,True
기계,성광벤드,True
기계,해성에어로보틱스,True
기계,제닉스,True
기계,태광,True
기계,삼익THK,False
기계,우진,False
기계,혜인,False
기계,두산로보틱스,False
기계,디케이락,True
기계,스맥,True
기계,디와이피엔에프,True
기계,에스비비테크,True
기계,코윈테크,True
기계,디와이,False
기계,케이엔알시스템,True
기계,SNT에너지,False
기계,티로보틱스,True
기계,대창단조,False
기계,디와이파워,False
기계,휴림로봇,True
기계,에스피시스템스,True
기계,흥국,True
기계,화천기공,False
기계,진성티이씨,True
기계,비엠티,True
기계,포메탈,True
기계,와이지-원,True
기계,유진로봇,True
기계,전진건설로봇,False
기계,두산밥캣,False
기계,파라텍,True
기계,대동,False
기계,코메론,True
기계,하이록코리아,True
기계,프리엠스,True
기계,한국정밀기계,True
기계,모델솔루션,True
기계,이엔플러스,False
기계,영풍정밀,True
기계,아스플로,True
기계,현대엘리베이,False
기계,씨피시스템,True
기계,골든센츄리,True
핸드셋,아이윈플러스,True
핸드셋,파인엠텍,True
핸드셋,탑엔지니어링,True
핸드셋,엑스큐어,True
핸드셋,와이팜,True
핸드셋,유티아이,True
핸드셋,우주일렉트로,True
핸드셋,신라섬유,True
핸드셋,에스코넥,True
핸드셋,세경하이테크,True
핸드셋,링크드,True
핸드셋,퓨처코어,True
핸드셋,장원테크,True
핸드셋,일월지엠엘,True
핸드셋,이엠텍,True
핸드셋,케스피온,True
핸드셋,뉴온,True
핸드셋,해성옵틱스,True
핸드셋,씨유테크,True
핸드셋,성우전자,True
핸드셋,바이오로그디바이스,True
핸드셋,캠시스,True
핸드셋,나무가,True
핸드셋,코아시아씨엠,True
핸드셋,아모센스,True
핸드셋,아이엠,True
핸드셋,디케이티,True
핸드셋,엘컴텍,True
핸드셋,이랜텍,True
핸드셋,재영솔루텍,True
핸드셋,하이비젼시스템,True
핸드셋,쏘닉스,True
핸드셋,팸텍,True
핸드셋,리튬포어스,True
핸드셋,코아시아,True
핸드셋,홈캐스트,True
핸드셋,엑스플러스,True
핸드셋,유아이엘,True
핸드셋,엔피디,True
핸드셋,제이앤티씨,True
핸드셋,아모텍,True
핸드셋,에스에이티,True
핸드셋,디티씨,True
핸드셋,앤디포스,True
핸드셋,노바텍,True
핸드셋,슈피겐코리아,True
핸드셋,덕우전자,True
핸드셋,파워로직스,True
핸드셋,인탑스,True
핸드셋,액트로,True
핸드셋,알에프텍,True
핸드셋,하이소닉,True
핸드셋,드림텍,False
핸드셋,서원인텍,True
핸드셋,케일럼,True
핸드셋,이미지스,True
핸드셋,와이솔,True
핸드셋,블루콤,True
핸드셋,KH바텍,True
핸드셋,엠씨넥스,False
핸드셋,파트론,True
핸드셋,영풍,False
핸드셋,위츠,True
핸드셋,시노펙스,True
상업서비스와공급품,양지사,True
상업서비스와공급품,드림시큐리티,True
상업서비스와공급품,KC코트렐,False
상업서비스와공급품,SCI평가정보,True
상업서비스와공급품,사람인,True
상업서비스와공급품,리파인,True
상업서비스와공급품,셀피글로벌,True
상업서비스와공급품,인선이엔티,True
상업서비스와공급품,한창,False
상업서비스와공급품,현대이지웰,True
상업서비스와공급품,포스뱅크,True
상업서비스와공급품,코엔텍,True
상업서비스와공급품,메타랩스,False
상업서비스와공급품,자연과환경,True
상업서비스와공급품,한국기업평가,True
상업서비스와공급품,아이마켓코리아,False
상업서비스와공급품,나이스디앤비,True
상업서비스와공급품,나이스정보통신,True
상업서비스와공급품,NICE평가정보,False
상업서비스와공급품,제이엠아이,True
상업서비스와공급품,에코프로에이치엔,True
상업서비스와공급품,효성ITX,False
상업서비스와공급품,고려신용정보,True
상업서비스와공급품,오픈놀,True
상업서비스와공급품,KTcs,False
상업서비스와공급품,이크레더블,True
상업서비스와공급품,KTis,False
상업서비스와공급품,에스원,False
상업서비스와공급품,누리플랜,True
상업서비스와공급품,에코아이,True
상업서비스와공급품,KC그린홀딩스,False
자동차부품,삼현,True
자동차부품,스마트레이더시스템,True
자동차부품,엔지브이아이,False
자동차부품,위월드,False
자동차부품,엣지파운드리,True
자동차부품,유니테크노,True
자동차부품,삼기,True
자동차부품,에코볼트,True
자동차부품,태양금속우,False
자동차부품,디와이씨,True
자동차부품,동원금속,False
자동차부품,네오오토,True
자동차부품,태양금속,False
자동차부품,풍강,True
자동차부품,우수AMS,True
자동차부품,오리엔트정공,True
자동차부품,피에이치에이,True
자동차부품,계양전기,False
자동차부품,세동,True
자동차부품,대유플러스,False
자동차부품,부산주공,False
자동차부품,와이엠,True
자동차부품,계양전기우,False
자동차부품,코다코,True
자동차부품,퀀타피아,True
자동차부품,성창오토텍,True
자동차부품,이원컴포텍,True
자동차부품,율촌,True
자동차부품,한주라이트메탈,True
자동차부품,엔지스테크널러지,True
자동차부품,창대정밀,False
자동차부품,한국피아이엠,False
자동차부품,에코캡,True
자동차부품,오토앤,True
자동차부품,대원강업,False
자동차부품,지엠비코리아,False
자동차부품,일진하이솔루스,False
자동차부품,서진오토모티브,True
자동차부품,금호에이치티,False
자동차부품,넥센우,False
자동차부품,핸즈코퍼레이션,False
자동차부품,삼원강재,False
자동차부품,디아이씨,False
자동차부품,대원산업,True
자동차부품,우리산업홀딩스,True
자동차부품,모바일어플라이언스,True
자동차부품,넥센,False
자동차부품,우리산업,True
자동차부품,에스엠벡셀,False
자동차부품,씨티알모빌리티,False
자동차부품,세방전지,False
자동차부품,CBI,True
자동차부품,SNT모티브,False
자동차부품,엠투엔,True
자동차부품,폴라리스세원,True
자동차부품,아진전자부품,False
자동차부품,한국단자,False
자동차부품,DH오토리드,True
자동차부품,케이비아이동국실업,False
자동차부품,명신산업,False
자동차부품,새론오토모티브,False
자동차부품,일정실업,False
자동차부품,평화산업,False
자동차부품,캐스텍코리아,True
자동차부품,아이윈,True
자동차부품,다이나믹디자인,False
자동차부품,영화테크,True
자동차부품,일지테크,True
자동차부품,HL홀딩스,False
자동차부품,한일단조,True
자동차부품,DH오토웨어,True
자동차부품,체시스,False
자동차부품,HDC현대EP,False
자동차부품,동양피스톤,False
자동차부품,한국앤컴퍼니,False
자동차부품,티에이치엔,False
자동차부품,평화홀딩스,False
자동차부품,유성기업,False
자동차부품,모베이스전자,True
자동차부품,삼기이브이,True
자동차부품,DN오토모티브,False
자동차부품,글로벌에스엠,True
자동차부품,경창산업,True
자동차부품,대성파인텍,True
자동차부품,삼성공조,False
자동차부품,세원정공,False
자동차부품,덕양산업,False
자동차부품,서연,False
자동차부품,현대모비스,False
자동차부품,GH신소재,True
자동차부품,현대위아,False
자동차부품,한국타이어앤테크놀로지,False
자동차부품,대동금속,True
자동차부품,유니온머티리얼,False
자동차부품,에코플라스틱,True
자동차부품,유라테크,True
자동차부품,SNT다이내믹스,False
자동차부품,동일고무벨트,False
자동차부품,대유에이텍,False
자동차부품,넥센타이어,False
자동차부품,모베이스,True
자동차부품,유니크,True
자동차부품,삼보모터스,True
자동차부품,화승알앤에이,False
자동차부품,상신브레이크,False
자동차부품,아이에이,True
자동차부품,우신시스템,False
자동차부품,인팩,False
자동차부품,영화금속,False
자동차부품,탑런토탈솔루션,True
자동차부품,화신,False
자동차부품,세원물산,True
자동차부품,금호타이어,False
자동차부품,아진산업,True
자동차부품,인지컨트롤스,False
자동차부품,두올,False
자동차부품,서연탑메탈,True
자동차부품,HL만도,False
자동차부품,SJG세종,False
자동차부품,디젠스,True
자동차부품,화승코퍼레이션,False
자동차부품,모트렉스,True
자동차부품,KB오토시스,True
자동차부품,오스템,True
자동차부품,티피씨글로벌,True
자동차부품,서연이화,False
자동차부품,넥센타이어1우B,False
자동차부품,동아화성,True
자동차부품,코리아에프티,True
자동차부품,성우하이텍,True
자동차부품,DRB동일,False
자동차부품,한온시스템,False
자동차부품,폴라리스오피스,True
자동차부품,BGF에코머티리얼즈,True
자동차부품,SNT홀딩스,False
자동차부품,현대공업,True
자동차부품,화신정공,True
자동차부품,구영테크,True
자동차부품,엠에스오토텍,True
자동차부품,모토닉,False
자동차부품,에스엘,False
자동차부품,SJM홀딩스,False
자동차부품,한중엔시에스,True
자동차부품,SJM,False
자동차부품,휴림에이텍,True
자동차부품,네오티스,True
자동차부품,태원물산,False
자동차부품,한국무브넥스,False
자동차부품,한국큐빅,True
자동차부품,SG글로벌,False
자동차부품,알멕,True
자동차부품,엔브이에이치코리아,True
자동차부품,태양기계,False
식품과기본식료품소매,바이오텐,False
식품과기본식료품소매,네오크레마,True
식품과기본식료품소매,보라티알,True
식품과기본식료품소매,딥마인드,True
식품과기본식료품소매,CJ프레시웨이,True
식품과기본식료품소매,한국가구,True
식품과기본식료품소매,현대코퍼레이션홀딩스,False
식품과기본식료품소매,신송홀딩스,False
전기유틸리티,한전산업,False
전기유틸리티,한전기술,False
전기유틸리티,한국전력,False
전기유틸리티,그리드위즈,True
전기유틸리티,한전KPS,False
소프트웨어,나라소프트,False
소프트웨어,웹케시,True
소프트웨어,엑스게이트,True
소프트웨어,샌즈랩,True
소프트웨어,소프트캠프,True
소프트웨어,지란지교시큐리티,True
소프트웨어,위세아이텍,True
소프트웨어,유라클,True
소프트웨어,오비고,True
소프트웨어,투비소프트,True
소프트웨어,맥스트,True
소프트웨어,SGA솔루션즈,True
소프트웨어,인지소프트,True
소프트웨어,버넥트,True
소프트웨어,누리플렉스,True
소프트웨어,지슨,False
소프트웨어,미디어젠,True
소프트웨어,링크제니시스,True
소프트웨어,시큐레터,True
소프트웨어,네이블,True
소프트웨어,유비씨,False
소프트웨어,지니언스,True
소프트웨어,에스에스알,True
소프트웨어,엑셈,True
소프트웨어,MDS테크,True
소프트웨어,알티캐스트,True
소프트웨어,수산아이앤티,True
소프트웨어,모니터랩,True
소프트웨어,디모아,True
소프트웨어,아톤,True
소프트웨어,휴네시온,True
소프트웨어,오브젠,True
소프트웨어,포시에스,True
소프트웨어,모아데이타,True
소프트웨어,씨유박스,True
소프트웨어,케이사인,True
소프트웨어,이니텍,True
소프트웨어,신시웨이,True
소프트웨어,텔코웨어,False
소프트웨어,한싹,True
소프트웨어,영림원소프트랩,True
소프트웨어,핸디소프트,True
소프트웨어,슈어소프트테크,True
소프트웨어,이노룰스,True
소프트웨어,핀텔,True
소프트웨어,디지캡,True
소프트웨어,비큐AI,True
소프트웨어,키네마스터,True
소프트웨어,파수,True
소프트웨어,산돌,True
소프트웨어,윈스,True
소프트웨어,더존비즈온,False
소프트웨어,오상자이엘,True
소프트웨어,SGA,True
소프트웨어,알서포트,True
소프트웨어,모비스,True
소프트웨어,안랩,True
소프트웨어,알체라,True
소프트웨어,라온피플,True
소프트웨어,라온시큐어,True
소프트웨어,한글과컴퓨터,True
소프트웨어,이노시뮬레이션,True
소프트웨어,세중,True
소프트웨어,브레인즈컴퍼니,True
소프트웨어,아이퀘스트,True
소프트웨어,이에이트,True
소프트웨어,엠로,True
소프트웨어,코난테크놀로지,True
소프트웨어,사이냅소프트,True
소프트웨어,인스웨이브시스템즈,True
소프트웨어,비트나인,True
소프트웨어,시큐브,True
소프트웨어,스코넥,True
소프트웨어,바이브컴퍼니,True
소프트웨어,이스트소프트,True
소프트웨어,트윔,True
소프트웨어,플랜티넷,True
화장품,디와이디,True
화장품,제이투케이바이오,True
화장품,제로투세븐,True
화장품,원익,True
화장품,코스나인,True
화장품,파워풀엑스,False
화장품,CSA 코스믹,True
화장품,진코스텍,False
화장품,노드메이슨,False
화장품,이노진,True
화장품,에스디생명공학,True
화장품,더라미,True
화장품,나우코스,False
화장품,셀바이오휴먼텍,True
화장품,아모레G우,False
화장품,스킨앤스킨,True
화장품,코스메카코리아,True
화장품,LG생활건강우,False
화장품,LG생활건강,False
화장품,엔에프씨,True
화장품,아모레G3우(전환),False
화장품,선진뷰티사이언스,True
화장품,본느,True
화장품,콜마홀딩스,False
화장품,애경산업,False
화장품,코디,True
화장품,세화피앤씨,True
화장품,한국콜마,False
화장품,에이에스텍,True
화장품,클리오,True
화장품,코스맥스,False
화장품,제이준코스메틱,False
화장품,현대바이오랜드,True
화장품,잉글우드랩,True
화장품,에이피알,False
화장품,아모레퍼시픽우,False
화장품,마녀공장,True
화장품,메디앙스,True
화장품,컬러레이,True
화장품,넥스트아이,True
화장품,코리아나,True
화장품,아모레G,False
화장품,아모레퍼시픽,False
화장품,내츄럴엔도텍,True
화장품,글로본,True
화장품,라파스,True
화장품,한국화장품,False
화장품,브이티,True
화장품,한국화장품제조,False
화장품,삐아,True
화장품,아이패밀리에스씨,True
화장품,에스알바이오텍,False
화장품,토니모리,False
화장품,씨앤씨인터내셔널,True
화장품,뷰티스킨,True
화장품,네오팜,True
화장품,잇츠한불,False
화장품,씨티케이,True
화장품,아우딘퓨쳐스,True
화장품,현대바이오,True
화장품,에이블씨엔씨,False
화장품,현대퓨처넷,False
화장품,제닉,True
화장품,바른손,True
화장품,오가닉티코스메틱,True
운송인프라,SG&G,True
운송인프라,위즈코프,True
운송인프라,토탈소프트,True
운송인프라,에스디시스템,True
운송인프라,현대무벡스,True
운송인프라,선광,True
운송인프라,한국공항,False
운송인프라,KB발해인프라,False
운송인프라,맥쿼리인프라,False
운송인프라,서호전기,True
가스유틸리티,SK가스,False
가스유틸리티,한진중공업홀딩스,False
가스유틸리티,삼천리,False
가스유틸리티,대성홀딩스,False
가스유틸리티,한국가스공사,False
가스유틸리티,서울가스,False
가스유틸리티,E1,False
가스유틸리티,경동도시가스,False
가스유틸리티,인천도시가스,False
가스유틸리티,지에스이,True
가스유틸리티,대성에너지,False
가스유틸리티,예스코홀딩스,False
카드,삼성카드,False
에너지장비및서비스,엔에스컴퍼니,False
에너지장비및서비스,비에이치아이,True
에너지장비및서비스,지오릿에너지,True
에너지장비및서비스,제이씨케미칼,True
에너지장비및서비스,DGP,True
에너지장비및서비스,태웅,True
에너지장비및서비스,SDN,True
에너지장비및서비스,HD현대에너지솔루션,False
에너지장비및서비스,파루,True
에너지장비및서비스,EMB,False
에너지장비및서비스,이성씨엔아이,False
에너지장비및서비스,유니슨,True
에너지장비및서비스,오르비텍,True
에너지장비및서비스,서남,True
에너지장비및서비스,한화솔루션우,False
에너지장비및서비스,우진엔텍,True
에너지장비및서비스,에스에너지,True
에너지장비및서비스,SK이터닉스,False
에너지장비및서비스,한화솔루션,False
에너지장비및서비스,수산인더스트리,False
에너지장비및서비스,SK오션플랜트,False
에너지장비및서비스,금양그린파워,True
에너지장비및서비스,씨에스윈드,False
에너지장비및서비스,대명에너지,True
에너지장비및서비스,탑선,False
에너지장비및서비스,SGC에너지,False
에너지장비및서비스,에코바이오,True
"호텔,레스토랑,레저",시공테크,True
"호텔,레스토랑,레저",참좋은여행,True
"호텔,레스토랑,레저",디딤이앤에프,True
"호텔,레스토랑,레저",아난티,True
"호텔,레스토랑,레저",파라다이스,False
"호텔,레스토랑,레저",서부T&D,True
"호텔,레스토랑,레저",롯데관광개발,False
"호텔,레스토랑,레저",하나투어,False
"호텔,레스토랑,레저",모두투어,True
"호텔,레스토랑,레저",남화산업,True
"호텔,레스토랑,레저",모나용평,False
"호텔,레스토랑,레저",GKL,False
"호텔,레스토랑,레저",노랑풍선,True
"호텔,레스토랑,레저",신세계푸드,False
"호텔,레스토랑,레저",강원랜드,False
"호텔,레스토랑,레저",티와이홀딩스,False
"호텔,레스토랑,레저",더본코리아,False
"호텔,레스토랑,레저",티와이홀딩스우,False
"호텔,레스토랑,레저",골프존,True
해운사,웰바이오텍,False
해운사,STX그린로지스,False
해운사,와이엔텍,True
해운사,태웅로직스,True
해운사,흥아해운,False
해운사,대한해운,False
해운사,팬오션,False
해운사,팬스타엔터프라이즈,True
해운사,HMM,False
해운사,인터지스,False
해운사,KSS해운,False
건축자재,KC산업,False
건축자재,동양2우B,False
건축자재,에이원알폼,False
건축자재,티웨이홀딩스,False
건축자재,일신석재,False
건축자재,KCC,False
건축자재,서산,True
건축자재,제이엠멀티,False
건축자재,홈센타홀딩스,True
건축자재,에스와이스틸텍,True
건축자재,부산산업,False
건축자재,동양파일,True
건축자재,아세아시멘트,False
건축자재,한솔홈데코,False
건축자재,노루홀딩스우,False
건축자재,성신양회우,False
건축자재,KCC글라스,False
건축자재,보광산업,True
건축자재,삼일씨엔에스,False
건축자재,노루페인트우,False
건축자재,SG,True
건축자재,덕신이피씨,True
건축자재,강남제비스코,False
건축자재,노루홀딩스,False
건축자재,더코디,True
건축자재,다스코,False
건축자재,이건홀딩스,True
건축자재,유니드비티플러스,False
건축자재,강동씨앤엘,True
건축자재,동화기업,True
건축자재,모헨즈,True
건축자재,에스와이,True
건축자재,LX하우시스,False
건축자재,이건산업,False
건축자재,LX하우시스우,False
건축자재,벽산,False
건축자재,그린플러스,True
건축자재,조광페인트,False
건축자재,유진기업,True
건축자재,NI스틸,False
건축자재,동양우,False
건축자재,삼표시멘트,True
건축자재,성신양회,False
건축자재,삼화페인트,False
건축자재,노루페인트,False
건축자재,유니온,False
건축자재,윈하이텍,True
건축자재,한일현대시멘트,False
건축자재,동양,False
건축자재,한일홀딩스,False
건축자재,한일시멘트,False
건축자재,라이온켐텍,True
생명보험,동양생명,False
생명보험,미래에셋생명,False
생명보험,한화생명,False
생명보험,삼성생명,False
건강관리기술,솔본,True
건강관리기술,제이엘케이,True
건강관리기술,코어라인소프트,True
건강관리기술,비트컴퓨터,True
건강관리기술,인피니트헬스케어,True
건강관리기술,이지케어텍,True
건강관리기술,뷰노,True
건강관리기술,유비케어,True
건강관리기술,루닛,True
건강관리기술,라이프시맨틱스,True
건강관리기술,씨어스테크놀로지,True
건강관리기술,쓰리빌리언,True
인터넷과카탈로그소매,엑시온그룹,True
인터넷과카탈로그소매,청담글로벌,True
인터넷과카탈로그소매,그래디언트,True
인터넷과카탈로그소매,케이티알파,True
인터넷과카탈로그소매,실리콘투,True
인터넷과카탈로그소매,현대홈쇼핑,False
인터넷과카탈로그소매,예스24,True
다각화된소비자서비스,이상네트웍스,True
음료,MH에탄올,False
음료,하이트진로홀딩스우,False
음료,보해양조,False
음료,세븐브로이맥주,False
음료,국순당,True
음료,롯데칠성,False
음료,흥국에프엔비,True
음료,롯데칠성우,False
음료,나라셀라,True
음료,진로발효,True
음료,창해에탄올,True
음료,무학,False
음료,하이트진로,False
음료,하이트진로2우B,False
음료,하이트진로홀딩스,False
음료,제주맥주,True
방송과엔터테인먼트,뿌리깊은나무들,False
방송과엔터테인먼트,엔에스이엔엠,True
방송과엔터테인먼트,한주에이알티,True
방송과엔터테인먼트,타조엔터테인먼트,False
방송과엔터테인먼트,알비더블유,True
방송과엔터테인먼트,더콘텐츠온,False
방송과엔터테인먼트,스튜디오산타클로스,True
방송과엔터테인먼트,초록뱀미디어,True
방송과엔터테인먼트,IHQ,False
방송과엔터테인먼트,한국경제TV,True
방송과엔터테인먼트,판타지오,True
방송과엔터테인먼트,에프엔씨엔터,True
방송과엔터테인먼트,포바이포,True
방송과엔터테인먼트,에이스토리,True
방송과엔터테인먼트,CJ CGV,False
방송과엔터테인먼트,iMBC,True
방송과엔터테인먼트,블리츠웨이스튜디오,True
방송과엔터테인먼트,와이지엔터테인먼트,True
방송과엔터테인먼트,애니플러스,True
방송과엔터테인먼트,SAMG엔터,True
방송과엔터테인먼트,YG PLUS,False
방송과엔터테인먼트,하이브,False
방송과엔터테인먼트,CJ ENM,True
방송과엔터테인먼트,대원미디어,True
방송과엔터테인먼트,YTN,True
방송과엔터테인먼트,티엔엔터테인먼트,True
방송과엔터테인먼트,스튜디오미르,True
방송과엔터테인먼트,SM Life Design,True
방송과엔터테인먼트,지니뮤직,True
방송과엔터테인먼트,JYP Ent.,True
방송과엔터테인먼트,티비씨,True
방송과엔터테인먼트,에스엠,True
방송과엔터테인먼트,삼화네트웍스,True
방송과엔터테인먼트,씨씨에스,True
방송과엔터테인먼트,LG헬로비전,False
방송과엔터테인먼트,NHN벅스,True
방송과엔터테인먼트,큐브엔터,True
방송과엔터테인먼트,스튜디오드래곤,True
방송과엔터테인먼트,바른손이앤에이,True
방송과엔터테인먼트,키이스트,True
방송과엔터테인먼트,아센디오,False
방송과엔터테인먼트,드림어스컴퍼니,True
방송과엔터테인먼트,팬엔터테인먼트,True
방송과엔터테인먼트,콘텐트리중앙,False
방송과엔터테인먼트,코퍼스코리아,True
방송과엔터테인먼트,NEW,True
방송과엔터테인먼트,스카이라이프,False
방송과엔터테인먼트,닷밀,True
방송과엔터테인먼트,빅텐츠,True
방송과엔터테인먼트,KNN,True
방송과엔터테인먼트,M83,True
방송과엔터테인먼트,노머스,True
방송과엔터테인먼트,SBS,False
방송과엔터테인먼트,쇼박스,True
방송과엔터테인먼트,덱스터,True
방송과엔터테인먼트,위지윅스튜디오,True
방송과엔터테인먼트,아티스트스튜디오,True
무역회사와판매업체,STX,False
무역회사와판매업체,GS글로벌,False
무역회사와판매업체,LX인터내셔널,False
무역회사와판매업체,현대코퍼레이션,False
무역회사와판매업체,포스코인터내셔널,False
백화점과일반상점,현대백화점,False
백화점과일반상점,JTC,True
백화점과일반상점,베뉴지,True
백화점과일반상점,한화갤러리아우,False
백화점과일반상점,신세계,False
백화점과일반상점,세이브존I&C,False
백화점과일반상점,호텔신라우,False
백화점과일반상점,호텔신라,False
백화점과일반상점,BGF리테일,False
백화점과일반상점,광주신세계,False
백화점과일반상점,대구백화점,False
백화점과일반상점,한화갤러리아,False
백화점과일반상점,GS리테일,False
백화점과일반상점,롯데쇼핑,False
백화점과일반상점,GS피앤엘,False
백화점과일반상점,이마트,False
가구,코아스,False
가구,지누스,False
가구,듀오백,True
가구,스튜디오삼익,True
가구,에넥스,False
가구,현대리바트,False
가구,꿈비,True
가구,에이스침대,True
가구,퍼시스,False
가구,시디즈,False
가구,오하임앤컴퍼니,True
가구,한샘,False
교육서비스,골드앤에스,True
교육서비스,비상교육,False
교육서비스,대교우B,False
교육서비스,미래엔에듀파트너,False
교육서비스,웅진씽크빅,False
교육서비스,이퓨쳐,True
교육서비스,아이스크림에듀,True
교육서비스,유비온,True
교육서비스,로보로보,True
교육서비스,메가엠디,True
교육서비스,대교,False
교육서비스,크레버스,True
교육서비스,멀티캠퍼스,True
교육서비스,아이비김영,True
교육서비스,NE능률,True
교육서비스,YBM넷,True
교육서비스,아이스크림미디어,True
교육서비스,메가스터디,True
교육서비스,메가스터디교육,True
교육서비스,디지털대성,True
교육서비스,정상제이엘에스,True
교육서비스,벡트,True
교육서비스,에이럭스,True
광고,와이즈버즈,True
광고,플레이디,True
광고,엔비티,True
광고,비케이홀딩스,True
광고,HS애드,False
광고,SM C&C,True
광고,인크로스,True
광고,모비데이즈,True
광고,이노션,False
광고,이엠넷,True
광고,오리콤,True
광고,엔피,True
광고,드림인사이트,True
광고,나스미디어,True
광고,제일기획,False
광고,차이커뮤니케이션,True
비철금속,한컴위드,True
비철금속,테크트랜스,False
비철금속,에이치브이엠,True
비철금속,파버나인,True
비철금속,케이피에스,True
비철금속,세토피아,True
비철금속,국일신동,True
비철금속,제일연마,False
비철금속,케이피티유,True
비철금속,조선내화,False
비철금속,한국내화,False
비철금속,한창산업,True
비철금속,크리스탈신소재,True
비철금속,남선알미우,False
비철금속,황금에스티,False
비철금속,알루코,False
비철금속,서원,False
비철금속,조일알미늄,False
비철금속,이구산업,False
비철금속,디씨엠,False
비철금속,이렘,True
비철금속,EG,True
비철금속,삼아알미늄,False
비철금속,대창,False
비철금속,아이티센,True
비철금속,현대비앤지스틸,False
비철금속,SIMPAC,False
비철금속,피제이메탈,True
비철금속,풍산,False
비철금속,포스코스틸리온,False
비철금속,경동인베스트,False
비철금속,풍산홀딩스,False
비철금속,CR홀딩스,False
비철금속,동국알앤에스,True
비철금속,남선알미늄,False
비철금속,태경비케이,False
비철금속,일진다이아,False
비철금속,태경산업,False
비철금속,티플랙스,True
비철금속,DSR,False
비철금속,대호에이엘,False
비철금속,삼보산업,True
비철금속,고려아연,False
복합유틸리티,지역난방공사,False
